"","period_1","period_2","period_3","period_4","period_5","period_6","period_7","period_8","period_10"
"A",-0.000547220777943081,0.000458437156641221,-0.000631075189243637,0.00158822585426583,0.000292481867072883,0.00176410316841284,0.00122759857911647,-0.000878150921189451,0.00063958672980796
"AAL",0.00117405849964095,-0.00192105796724135,-5.42646699281729e-05,-0.00211302419256661,0.00236387029097266,0.000995017708214909,-1.52983002620696e-05,-0.00254287446649941,-0.00134320062128762
"AAP",0.00158118131589393,0.000859648391073442,-0.00138511584067039,0.00121081164298073,0.000300433526767291,-0.00409565441899424,0.000469398318268447,0.00158107179346309,0.00115266607823583
"AAPL",0.000780206462134945,0.00148337357333469,-0.00240504816877426,-0.000117805276087564,0.00162430505406348,0.00161667999566578,0.00145683728306068,0.000703441060646868,-0.00126981833512458
"ABBV",0.0014988879904356,0.000917370046639262,-0.00247866211004647,0.001431138457905,-6.88321585505838e-05,0.001087601007357,0.00281519093278199,-0.000387940602319164,-5.00659139632043e-05
"ABC",0.00185230320673573,0.00167804913684042,-0.00164626136826272,-0.00100796250173084,0.000127480947087943,0.000825038888827331,0.000241047347748971,-0.000697940665851113,-0.00121801147589188
"ABMD",0.00312462796118461,0.0052183854274569,0.001413041354303,0.00227131655559787,-0.000161863225882752,0.00155697949053625,0.00266156742667896,0.00591626141850933,-0.00205222996951491
"ABT",0.000368619590085369,0.00105456001485622,-0.00166899383966514,0.000250861865242624,-0.000226844834024744,0.00149719347258215,0.0017121770385178,0.000373697353917659,0.00133967974364269
"ACN",0.000906557454546139,0.00118710914356507,-3.1826449081254e-05,0.00110484588213835,6.96004761961751e-05,0.000704538451110361,0.00186496834670161,0.000419975055357241,-0.00119007787168035
"ADBE",-3.50603433096337e-05,0.00111597129270183,0.00059287791830758,0.000644001786126662,0.000843892106239231,0.00217725834873363,0.00189836227642032,0.00230441615927779,-0.000660361327657036
"ADI",0.000487696099056788,0.00121839064804659,-0.00161381449994603,0.00129677079983008,0.00166115478844612,0.000790048363153873,0.0013004652266295,0.000514819624072602,-0.000735618926315941
"ADM",-2.64525882546263e-05,0.000229783473586326,-0.0028292006040938,0.00225117623769919,0.000375361702597028,-0.000539015084452267,-7.99244972605832e-05,0.00103293235533716,-0.000804360244238452
"ADP",0.00141957376003084,-0.000154462039093396,-0.000391339171090885,0.0016259588860314,0.000772518175270866,0.000297197586082663,0.00108886942714646,0.00114625426091973,-0.000189662094957747
"ADS",0.000508339565805577,0.000246158470929129,-0.00160004213962964,-0.00161599676066193,0.000851960963011852,0.000641943607605342,0.000163950580144761,-0.000856434867600198,-0.00362494373998148
"ADSK",0.000139915713268245,-0.000725106412428475,-0.000155134609154536,0.000430627736177465,0.00260921240718491,0.00210437549731817,0.000430408787374152,0.00132455559488069,-0.000274557469511932
"AEE",0.00137342398163708,-0.00112870839885701,0.000962285673884903,0.001714219064013,0.000238876549647436,0.000455907585478382,0.000718750665495047,0.0006553618031,0.000589763076446485
"AEP",0.00148380524993703,-0.000912286939047023,0.000502759977763075,0.00160755984489464,-0.000640818346651865,0.000984595009331622,0.000470862760893079,5.01022322904045e-05,0.000617936263246577
"AES",-0.000985606207798997,0.000199776939492963,-0.00323433804666342,0.00304178587244132,-0.0002907438296626,-0.000387088257489411,0.000219198477314148,0.00174973972642067,0.000902030664077111
"AFL",-0.000619037763266354,0.00058351529794116,-0.000536539305708575,0.00205139166694637,-0.000245229397937241,0.0010229014310743,0.00112586929980347,-0.000218746718095013,0.000471541494521098
"AGN",0.00164187151421648,0.00130660349607216,-0.00081815703956778,-0.00186392073611483,-0.000725411606813988,0.000768851567865708,-0.00277881356947345,-0.000136565289631398,-0.00187601526556204
"AIG",-0.000562237673835444,0.00192784210775845,-0.000919093299601897,-0.000497476853172015,0.00182176932571585,-0.000295456288539968,-0.000297645049188229,-0.000913077476009804,-0.00255627769490994
"AIV",0.00149699389064773,8.00487279961375e-05,-0.00013147623142752,0.00169769890814478,6.66607023506398e-05,-0.00029273486853662,0.000303646725357688,5.86854128664073e-06,0.000401379128441543
"AIZ",-1.48074108285737e-05,0.00104609669921401,0.000734101779960649,0.00084932830464997,0.000839890165898991,0.000994247806365646,-0.000341607297840185,0.000398937128385148,-0.00136704871093331
"AJG",4.13217885753137e-05,0.00057976003702293,-0.00200123593660782,0.00228726874029842,0.000748295814993876,0.000944154856828739,0.000804441506595245,0.000356495778989953,0.000913393243809578
"AKAM",0.000100841511470073,0.00159776033506254,-0.00383977743210577,0.00148686402232721,0.00175230635193714,-0.00283700725899777,0.00230688485529296,0.00102778693641535,-0.001589229572095
"ALB",-0.00119452782025993,-0.000615703275250652,-0.000712058932507029,0.00447086603146107,0.000571170902716888,0.0016230068391984,0.00141166536171046,-0.00263951714281762,-0.00181470233837133
"ALGN",0.000561733753997882,0.00115872164077507,-0.000935763206499777,0.00269762830658031,0.000878496626400182,0.00380554492423289,0.00343227294507486,0.00306864726245987,-0.0039522307502382
"ALK",0.0018858076503571,0.00122861926400704,-0.000701812614954964,-0.00102823696180653,0.00263319115378755,0.000650432035671887,-0.00171321294395308,-0.00144597856463551,-0.000102817756700277
"ALL",0.00165020064489783,-0.000253834262361295,-0.00118964019963878,0.00155781427629885,0.000586590446133417,0.00167722687470527,0.00118366926092278,-0.000691389587098869,-0.000845376584899545
"ALLE",-0.000138364369283759,0.00124405140388196,-0.000360046211561368,0.00125390828781957,-0.000519554469837034,0.00177843567475142,-9.69514276967159e-05,-0.000341554022899303,0.00019860289053778
"ALXN",0.000338572330993314,0.00088528676997266,-0.00209986852475497,-0.00236899922668133,0.00109670556763592,-0.00131027644141835,7.78000881807812e-05,0.000151649367463114,-0.00209351030925394
"AMAT",0.000636016803014566,-0.00222491138689126,-0.000658194559527145,0.00338241097212814,0.00192317653439394,0.00235285354090848,0.00165590472560221,-0.00135668839049205,-0.00255674212108802
"AMCR",0.00116312974800449,-8.31784777370319e-05,-0.00144141222995086,0.00218078407902376,-0.000195958731612421,0.00141318563951936,-0.000422873282760055,-0.000796816391891819,-0.00052396047568278
"AMD",-0.00368394789803564,-0.00180855037108294,0.00181417521393666,0.00670855245546813,0.00636708059119325,0.00121603287296642,-0.00145290675165364,0.0018195398339273,0.00140057903203621
"AME",-0.000509429280494522,0.00102754594543788,-0.00119883373193539,-0.000273643916198952,0.000592213953025992,0.00176251661491109,0.00143204587077259,-0.000201035015635167,-0.000539185834099686
"AMG",-0.0004563075323551,0.00081413152264259,-0.00413965384099331,0.000491725285669309,0.000194561869474458,0.00138512197029889,0.00129621146123608,-0.00231140180329166,-0.00343915016574392
"AMGN",0.00219371101673128,0.000367277773004346,-0.000913384389322382,0.000477921247758627,-0.000161106943676616,0.000728664974261681,0.00048553992431464,0.000378217845736269,0.000328569065648661
"AMP",0.000210485202489973,0.000235640423295298,-0.00257693566523867,-0.000166346818932001,0.00175330717627151,0.00115752436682475,0.00204873963153311,-0.00141532130908752,-0.00233023776046836
"AMT",0.000442545635738455,5.82446394716328e-05,-0.000337975600853454,0.00186718334705101,-0.000706211414453695,0.00199400588069897,0.000704570241037194,0.000377452750449248,0.000941201051861715
"AMZN",-0.00169507846088202,0.00412975281869856,0.00142783427095367,0.00196644416163458,0.000499216885079608,0.00165751773044355,0.00153944454968522,0.00283268327665685,-0.00110866335293832
"ANET",-3.51950861407992e-05,0.00207680264928799,-0.00212695180625064,0.000534956774327399,0.00296861996031853,0.00324228159040418,0.00370603977567576,0.000944647200867708,-0.00177202493259232
"ANSS",0.000603941464705324,0.000962669266174609,-0.000784938439248861,0.000593016367088934,0.000182305677750751,0.00210352829952,0.0017404155317879,0.0012015312222951,-0.00156487990177177
"ANTM",0.00139084971599928,0.00123793248041282,-0.00118475699688824,-0.000317383314587207,0.000807764895842494,0.00243129085493473,0.00148695411620686,0.000332920981839587,0.000708219002670451
"AON",0.000438573015887476,0.000680642955395627,-0.00137143179333398,0.00195336408231881,0.000320527377465208,0.00145439376629211,-6.14135781738094e-05,0.000152383585454228,0.000449381548645588
"AOS",0.000837607289680498,0.00189447913497563,-0.000666243880328206,0.00290669511609832,0.00045048372686613,0.00156721546704013,0.000682153646228045,-0.000384159119759126,-0.00252427569428373
"APA",-0.00410392154045855,-0.00136054349004779,-0.00248909733656147,0.00335601809095323,0.000815248463078007,-0.00253937514298944,-0.000222079426044558,-0.000291690389625266,-0.00440006274512884
"APC",-0.00275995656191309,-0.000361321878800193,-0.00589629665628353,0.00384900292256251,0.00180831878141687,-0.00384546828175554,0.00187455583376606,0.00220665148337763,-0.00423612162880965
"APD",0.000309551793123052,-0.000204216971305682,-0.000960207721724049,0.00176329415975906,0.000592592781698234,-1.85044143437581e-05,0.00135235198218849,-0.000468767686342349,0.000346853262490608
"APH",0.000672250889127855,0.000333041200425321,-0.00121628614210617,0.00175335696681244,0.00136942752067995,0.000724013455337494,0.00155654722166974,-0.000103292497607004,-0.00056580439285963
"APTV",-0.000200882047863734,0.00121288971198033,-0.000819530934796208,-0.000437099736267248,0.000367351736708293,0.00223386294393193,0.00117544370029802,0.0003288463846111,-0.00315157625958944
"ARE",0.00176471473427608,-0.000187901168427159,-0.000869838616411417,0.00216592946616922,0.000802446413065816,0.000643636635079463,0.00091501503857072,5.27271102915468e-05,-0.000728632435798344
"ARNC",-0.000861515224123727,-0.00316016475773094,-0.00288845852188056,0.00278747236736634,-0.00114295676102998,0.00105592561323922,0.0013441404481383,-0.00445420913208064,-2.07843599829739e-05
"ATO",0.00124035368172637,-0.000465831901484092,0.00120273107407216,0.00206764294399025,-0.000505706951275182,0.00117026230415593,0.00017991259449031,0.000688728385948281,0.000121380633717147
"ATVI",-0.00107758774712684,0.00205059324273241,0.00230629333768989,0.00150666554178992,-0.000951990855828909,0.00353578445345916,0.000893881516619368,0.00149133754836461,-0.00392902389549325
"AVB",0.00183211554947118,-0.000177401054041182,0.000472024011291142,0.000503340542896152,-0.000127830941560529,0.000653516202647215,-0.000273687893473612,-4.33776701345037e-05,0.000216518586298089
"AVGO",0.00285248052263378,0.00200279551498431,-0.000664200923989751,0.00192753259265397,0.000937261811233082,0.00251490590129588,0.000982623159049484,-0.000776150434848443,0.000617928055717431
"AVY",0.000450726552687284,0.00125185124511088,-0.000356518277830005,0.00170702500219821,2.69644845193998e-05,0.00189089525687787,0.00200742569092825,-0.00114478642675478,-0.000895664070613933
"AWK",0.0011889607515835,-0.000584126217876455,0.00137785419171822,0.00260052411545304,-0.000804843894302494,0.000777746091276179,0.00111493952095377,-3.40562964642646e-05,0.000371903291826346
"AXP",-0.000608788354258573,-0.00072251828020268,-0.00182392206225014,-6.69229788132775e-05,0.0015312589047211,0.000917039931388768,0.00138318168599653,-0.000120059094813522,-0.000230847760821068
"AZO",0.00109400317196065,0.00118868842477773,0.000331669948837113,0.00104716563882358,-8.26705675858687e-05,-0.00366999189917614,0.00316859646314589,-0.00106480706843164,0.00178633966559666
"BA",0.000353424364156239,0.0010082417093412,-0.00100028473375027,0.000320312940666225,0.00176923113921281,0.00211024735077868,0.00316915666978331,0.00109454415554637,-0.000337008371069239
"BAC",-2.49107470531162e-05,0.00142575776454071,-0.00154170161042168,-0.000977253008541599,0.00422727133394883,0.000827742610503385,0.00153981028674719,-0.000467748818440424,-0.00097355856196874
"BAX",-0.000316050065828895,-0.000116904283554587,-0.000585283508686969,0.00230301795212162,-0.000186405182097205,0.00225160185274473,0.00101442832109962,0.000651806705693065,-0.000881590914999626
"BBT",-0.00023071166081606,0.00118040665773646,-0.00151312171999915,0.000458662813351716,0.0022782664224369,-0.000112259813886399,0.000980230949026902,0.000126764092185574,-0.00118385782010683
"BBY",0.00110115021403958,-8.0587548941945e-05,-0.000834864148989319,0.00163058077004846,0.00256699261213767,0.00243995408438105,0.00197932917844104,0.000914323909647776,-0.00282414198813861
"BDX",0.00144330007116145,0.000501775719292069,-0.000310011353856448,0.0016496090441633,-0.000300894497998219,0.00133761617216176,0.000934522015235314,0.000687805214031246,-0.000600744137621169
"BEN",-0.000817966970053051,-0.000299132979109515,-0.00316014452253436,0.000228072844713537,0.00134577544444143,0.00103745032217766,-0.000302550012754791,-0.00176986254478867,-0.000487137821191619
"BHGE",-0.00220925352417778,0.000191184969343998,-0.00332595037376407,0.000532246646408724,0.00274416971445427,-0.00116594963425133,-0.000764438782478596,-0.000320646505883201,-0.00347154060254833
"BIIB",0.00035689276616756,0.000869946243539453,-0.00345820670916962,-0.000862734826668019,0.0012271286303426,-0.000706756856907737,0.00176349857970968,-0.00113279746289706,2.76408638221775e-07
"BK",-0.000281799301564761,0.00119574382159299,-0.00127376870789003,0.000403237676963149,0.00170057499590847,0.000734011346541586,0.000422674710635498,-2.0499506884185e-05,-0.000973693017586657
"BKNG",-0.00167365828490289,0.00137841129385828,-0.00103382502355262,0.0015271082935429,0.000986867131873771,0.00182670328466087,-0.000424008129078971,0.00101648803386498,-0.00148716027992848
"BLK",0.00090948907472219,0.000279360981552095,-0.00109494745437803,0.00104530166528111,0.0006839389352277,0.00113274898094974,0.00142859690113317,-0.000257333463703478,-0.00179823845269532
"BLL",0.000275709597881915,0.000826153357409707,-0.000140838509965252,0.00036684627214481,0.000670274854405374,0.000900848515224357,-0.000690571065286694,-0.000526535798259588,0.00178902958691143
"BMY",0.00200858965096764,0.000929541418818933,-0.000982544401555885,0.00149758834124889,-0.00182550145784712,-0.00041860008708044,0.000802435136710599,-0.000861306424941158,-0.000608250025230028
"BR",0.00114702857266701,0.00117551878506896,-0.000489717465922584,0.00236072838397873,-2.37920289238428e-06,0.00111197759027575,0.00164266226530153,0.00198100282090638,-0.00155905954201885
"BSX",0.000852842113416224,0.00181191669783813,-0.000151453828334464,0.00220658121474553,-0.000525021401173935,0.00175654521144636,-0.000612494467278737,0.00211177394436922,0.000349786152300217
"BWA",-0.00200991071318092,-4.87152525665271e-05,-0.00345037675281194,-0.000410204206996529,0.00224925267128108,0.000676281656637697,0.00121819341202771,-0.00161494128642974,-0.00179907936417892
"BXP",0.00159689882658667,-0.000827087796457499,-0.000304704005638599,0.00103071494498685,-0.00017964101162553,-0.00055643415510932,0.000848361706844978,-9.37288106296043e-06,-0.000737806814304604
"C",-0.000424259094217369,0.00176440577921953,-0.00213295335513822,-0.000559265279319147,0.00273394716828706,0.00101373569136498,0.000866424313696918,-0.000881442599207544,-0.00186545743469367
"CAG",0.0014074596231862,0.00177894456301508,-0.000799446528234315,0.00163324615364629,0.000450798333436448,-0.00104623808762791,0.0010485601904704,-0.000557478583505284,-0.00390507996232525
"CAH",0.00121679298481296,0.000547785218982054,-0.000755150086211309,1.53161653847653e-05,-0.000514889811802488,0.000349463301337614,-0.00143715545591246,-0.00196562812558443,-0.000779213035715629
"CAT",-0.00195723272117435,6.25182179071804e-05,-0.00235431640822659,0.00211272147840104,0.0013861445011917,0.00131301417746549,0.0031749452691081,-0.00119699035310214,-0.000414007417203061
"CB",0.000722293998242358,-0.000290688730521899,0.000628059039449184,0.00138323602770338,0.000191037718878295,0.00101323143327888,-2.43946177841123e-05,-0.000944213565326834,0.000104107187912458
"CBOE",0.00263387354300318,-0.00044524713616493,0.000203040015807567,0.000655460654727062,0.00086330404170322,0.00183290623036408,0.00237720153450455,-0.00141037532682669,-0.000459718588149548
"CBRE",-7.82449954076747e-05,0.00104744220032657,-0.00217656800449734,-0.000818306759203827,0.00100920783377575,0.00130765727513648,0.0014944406601619,0.000640383268210431,-0.00143835124684587
"CBS",-0.000440933340724567,-7.29935190026309e-05,-0.00145370859808,0.00175133228566375,0.00089055073830933,-4.02926976145011e-05,-0.000546363512540849,-0.000231117962038984,-0.00196246186853117
"CCI",0.000740879164019622,6.68577628752011e-05,0.000247771221191214,0.00164047920939097,-0.00110978743034599,0.00136009637986242,0.000879707227880869,0.000234655361855209,8.93702530443886e-05
"CCL",0.0018868920881289,0.00120216233904639,0.000130804995262791,-0.000893843417874062,0.00123165498601917,0.00174686874766503,0.000232399713100038,-0.00115872391912591,-0.00111434303974743
"CDNS",0.000645950127695685,0.000599550872834766,-0.000539395278576783,0.00221081859034513,2.20385118232417e-05,0.00217208317164317,0.00191996592563428,3.53680958839019e-05,-8.76921019791244e-05
"CE",-0.0007247071928621,0.00131534615739441,-0.000366418333305454,0.000587948511521365,0.00143189493942037,0.00150048820758334,0.000957217871868773,0.000386141316848679,-0.00166843659114659
"CELG",0.00254047664594636,0.000705629868424391,-0.00239942424415929,-0.000173328424628168,0.00117568965746353,0.000788670588979131,-0.00154178840033904,-0.00238984450606791,-0.00187773760861585
"CERN",0.00128949026639038,0.000753155745233524,-0.00170613696667272,0.000264724345662276,-0.00197436093189801,0.00253802265433443,0.000451350020125578,-0.000981773100071184,-0.00135335233615292
"CF",0.0018302254188076,0.00143619220077437,-0.00572850633783464,-0.00212179909059284,0.00232192795015814,-0.00138781722967803,0.00317661225978652,8.63370520818993e-05,-0.000254932492204423
"CHD",0.0018631929126835,0.000369587768654045,-0.000570848669721866,0.00227627298348126,-0.000748784540929053,0.00135417552135502,-0.000448004276434166,0.000548234480689411,0.00176860651348951
"CHRW",0.000982754281814553,-0.00108271210957274,-2.12240691287401e-05,0.00115878746663934,0.000284582608120229,-0.000493997672376345,0.00230021351821598,-0.000298198676538112,-8.52002420042633e-05
"CHTR",-0.000101301560071361,0.00139743441991578,-0.000893720870492549,0.00271149115187126,0.00180218255180355,0.000928966206864829,0.000387461274335456,-0.00141511697973074,-0.00040144749865994
"CI",0.000881829847883128,0.00279887559373774,-0.000998223707343782,-0.000633236114511218,0.000763514103241997,0.00141513167189257,0.00158061902613925,-0.00164718034581558,0.000920092259783817
"CINF",0.000750205437023403,0.000481143714519536,0.000443272314314919,0.00260968824167104,7.03766043999379e-05,-9.30026617305267e-05,0.000234395842499603,-0.000648215696948436,0.00115765852919023
"CL",0.000163962855551909,-8.54759519794681e-05,-0.000516697549032081,0.00139929116610732,-0.000666443828146025,0.000889229545595847,0.000284297337631983,-0.00116223648700138,-0.000554914189038991
"CLX",0.00160765425859164,0.000245538352366314,0.00124508770305573,0.000742701149137011,-0.000753025151499038,0.000927496408342332,0.000688530135799843,-0.000593506639167417,0.00126617351620004
"CMA",-0.00133053171535649,0.00133418803744892,-0.00212877320025006,0.0010663477028825,0.0040579938747901,0.000628600592380604,0.0012138335210745,0.000439896820479652,-0.00221380505403047
"CMCSA",0.000366255623083959,0.00120731955178255,-0.00141909026552341,0.00173142383917527,0.000431461510349874,0.000755036459680447,0.000404970322445225,-0.00156384370787655,0.000347434151113607
"CME",0.00130503007342454,0.00132071007665913,-0.00105012413397004,0.00141256999824896,0.00160454905360022,0.000657452172026725,0.00165264273634693,0.000863512041957238,0.00131370955301588
"CMG",0.000590771135852848,-0.000517044941756231,-0.0037347162844329,-0.000978480748858919,-0.000197929222707693,0.000375505058401423,-0.00225058795283317,0.0029752637559613,-0.000461220137513961
"CMI",-0.000599566225490423,-0.0007365987741515,-0.00325571279168023,0.00253171925398527,0.00136414446791385,0.00156671060224932,0.000768061410007431,-0.00247200634815279,0.000166148527205258
"CMS",0.00163395281573307,-0.00058531741107229,0.000783610901717987,0.00186477690311651,-0.000335887028350495,0.000893322052132443,0.000303207924147058,0.000424458949696487,0.000355437265815883
"CNC",0.00246879318701106,0.00270940951369274,-0.00160173505400948,0.00110368258880173,-0.00137976767121801,0.00218551198325999,0.00205255454257136,0.00155205288492095,-0.000846636804647187
"CNP",-0.000521333355985194,-0.00131333400841673,-0.000542322149293807,0.00267484698823641,0.000729428670505699,0.000915132238648174,0.000352186196846936,4.91456661196326e-05,0.000275270094046512
"COF",-0.000486571822022301,0.00137690415842199,-0.00282593955915222,0.0003075547803634,0.00228483052976268,-0.00035172992248668,0.00163783381842408,-0.000566066942164283,-0.00171053985831145
"COG",-0.00111729324091276,6.33560783826642e-05,-0.00488781623732699,0.00371033366448634,-0.000977283320301036,0.000779536867835742,0.0013539393940782,-0.00163916994378512,-0.000111929586391669
"COO",0.000192601219114014,0.000680211073478014,-0.00277108986068291,0.00314917887687779,-5.89342410304856e-05,0.0024990386567536,-0.000600157136961332,0.000451964843240642,0.000384050863885802
"COP",-0.00251137246382323,-0.000625047643330705,-0.00280602484791559,0.000345597345405271,0.0012807602721549,-0.00107325648607495,0.00224439955047659,0.00158339013659448,-0.000911343655801308
"COST",0.00142300908142034,0.000605188255073733,0.000430789432763428,0.000740678379117353,-0.000122654103555676,1.33745286577266e-05,0.00194266190273443,0.000819498429990626,-0.000162432335714126
"COTY",0.000741946125477571,0.00309569493941847,-0.00155649906367213,0.00165392432656051,-0.00273152411184567,8.20344487134137e-05,0.000691705185858241,-0.00288280024240001,-0.00601673072130399
"CPB",0.000679030406664959,0.000262524149182257,0.000938389330801716,0.00188795917900448,-0.000627209496311758,-0.00113557459974594,-0.000587768435836276,-0.00114538910311534,-0.0015198329750294
"CPRI",-0.00161247552298245,-0.00405682429395877,-0.000806507296042719,0.00284602127121466,-0.00161865711264456,-0.00124187184926238,0.00467719103561107,0.000300156067996439,-0.00465092583316097
"CPRT",2.32208415141253e-06,0.000364890509209554,-0.000480262991678458,0.00297688929522121,0.00100966507567475,0.000737054088290239,0.00277837995825541,0.00212989627850034,-0.00152721776748646
"CRM",0.000448507324933124,0.00193328366985747,-4.7059477228633e-05,0.000911036467802403,-0.000842793966910413,0.00139437818023638,0.00141232443375904,0.0022347593074746,-0.000188553015306518
"CSCO",0.000727178467075237,0.000154937731094794,-0.000932801587848672,0.00159839842338761,0.00030244393958101,0.000335078116857491,0.00197701951953871,0.000824985728144741,0.00013693286674551
"CSX",0.000996781646838708,-0.0004925484418343,-0.00281170913737959,0.00123913274792043,0.00274056988889344,0.0032374501861579,0.000377963576314253,0.00106653708075767,-0.000179995034010677
"CTAS",0.00189675064129406,0.000663830797971087,-2.98853008371872e-05,0.00112046990535692,0.00155306726068428,0.000711417335162836,0.00191527169256331,0.0012799490644907,-0.000835091725988606
"CTL",0.000392551728611445,-0.00156779448985211,-0.00196757045265518,0.00226433864565015,-0.00121689305197728,-0.000180612007691032,-0.002053792928642,0.00121590425024941,-0.0013775870940355
"CTSH",0.000680597600490715,0.000693118901545438,-0.000374053000708318,-0.000244571595423203,-6.79985062810163e-05,0.00137716247431689,0.000533810854975701,0.000791040667307647,-0.00189619224523991
"CTXS",-0.000759926790560536,0.0013493139405202,-0.000247574874284907,0.00173262083789848,0.000649271645504943,0.000742606920842808,0.000933024114519143,0.00132236810241944,-0.000327783754240231
"CVS",0.00193077509568214,0.000939302577616942,-0.00128731470193595,0.000183822408600198,-0.00121487911618365,-0.0002075442217014,-0.000424932271246604,-0.00104393617755388,0.000204019788507547
"CVX",-0.00182233221446001,-0.000919032296974134,-0.00088437997321495,0.00190673604077546,0.000890948813913101,-0.000750706156599152,0.00195288018670826,-9.76085172219172e-05,-0.000965465892266986
"CXO",-0.0027471527922467,-4.82241305926997e-05,-0.00219106608887158,0.00310838565158298,0.000829222292949228,-0.00087987921122814,0.00184767787663012,-0.00102648275366658,-0.00237254802826274
"D",0.000967995653484901,-0.000806993483703761,0.000120335181656196,0.00110371765527061,9.68800094162293e-05,0.000161761119375252,0.000320947119496661,-0.000740880167820675,0.000635494345743252
"DAL",0.0013201010954633,-0.000692663042027971,0.000200507357854359,-0.00136940860537797,0.00178664177596223,0.000950958402699657,0.000232256587766401,-0.000794300053289739,0.000336225111350338
"DD",-0.00137312581752384,0.00133016146959226,-0.00103905974062897,0.00112786095268866,0.00110117392544297,0.000925538712762421,0.00110996956064632,-0.000917552768572614,-0.00157745162959109
"DE",9.91697662052732e-05,0.00096971659614369,-0.00209347618995797,0.000907103161867641,0.00217149311946323,0.00158116355450109,0.00181096920810618,-0.000927752606068242,0.000366189301093794
"DFS",-0.000263771564077784,-0.000157935890200418,-0.00145230649977769,0.000940659338457397,0.00202080843837861,-0.00117046540065601,0.00202245824396187,-0.000701048303434296,-0.00146027040814473
"DG",0.00156032020765805,0.0014798772534204,-0.00133264641789671,0.00267474075451428,-0.00186282788752161,-0.000332010567264245,0.00248131580653774,0.000297023930360458,0.000757886854624913
"DGX",0.00113480157891927,0.00043658861850162,-0.000650449088739957,0.00183543687126818,0.000908957718056031,0.00145350689550376,-0.000692033483897181,0.000943896824457457,-0.00231662238916914
"DHI",-0.00030289913629035,0.00139231227854133,0.000151682041393382,0.00192721282921888,-0.00151815145917507,0.00204310716542088,0.00290530321061702,-0.0018833816551587,-0.00134855174887443
"DHR",0.000732816532478278,0.000565762928688033,-0.000149502230946437,0.00472666791011734,3.48254841024606e-05,0.000270937129535355,0.00105194758502761,0.000365858766704306,0.000297763963244861
"DIS",0.000923474533887269,0.00187588007059084,-0.00152636088616624,0.000130965083378538,0.000739301595680303,-0.000324326284427826,0.00072005820869144,-0.000515871051093512,0.000378750031142639
"DISCA",-0.00295595276077127,0.0010482105528124,-0.00199424885934952,-0.00033395692983226,0.00059042401286684,-0.000321460277622007,-0.00121001198488613,0.00174258996145316,-0.000851309196936214
"DISCK",-0.00288454136334774,0.000754854534030229,-0.00167159666615969,-0.000386226626047674,0.000725213022724529,-0.000345226552353909,-0.00138519496007174,0.00164666884920339,-0.000848038328059259
"DISH",0.000985213237918791,-0.000425193491782902,-0.00197526390645326,8.35519492365132e-05,0.00120403628131426,0.000289127780110211,-0.00214975022799528,-0.0032693438621216,-0.00232176017756194
"DLR",0.00127592560997243,-0.000366961756262539,0.00140495032296222,0.00292474091552211,-0.000273971191894063,0.000695080223738746,0.000392106043802061,0.0001306833074912,-0.00033933520825047
"DLTR",0.00164949904754191,0.00156669108386645,-0.000627853247228052,0.00185024134601412,-0.00163702592589528,-0.00101942218885518,0.00395747918474432,-0.00210478696058983,0.000396899669821745
"DOV",-0.00197857670106287,-0.000358822315905911,-0.00136117998676705,0.00210554018851488,0.0007107951673552,0.000738553426514901,0.00176920364953808,-0.000994089205185317,-0.000298541541373684
"DRE",0.00163900044129067,-0.000673050048556305,0.000222441807831074,0.00286021705954344,6.09766534897043e-05,0.00035799752096963,0.000166896988006638,0.000842258155145906,-0.000930384616773698
"DRI",0.00247567907366559,0.00176656582930164,-0.000298813455525829,0.000262716291574938,0.00118813383213147,0.00197543992059918,0.000933169292229654,0.000971008017250812,-0.000700515501440314
"DTE",0.0014518362962186,-0.00106599838799764,0.000443452228737798,0.00174026108838462,0.000233307500648721,0.000711795405276231,0.000426820714681294,8.31994923151741e-05,0.000512516185565055
"DUK",0.00158425545969907,-0.0012549000975973,0.000112936081542246,0.00158696403913395,-0.000519565117716795,0.00085584686078842,0.000142451671382043,-6.46808531455545e-05,0.000799011036576021
"DVA",0.00037465346302986,0.000494898300857099,-0.00153579686723495,0.00123727449712269,-0.00135738714751445,5.08764140149503e-06,0.00127335434423826,-0.000605260972314914,-0.00257862986824189
"DVN",-0.00202887969030893,-0.000790671572853762,-0.00588881486929535,0.00315369421468118,0.0016013817118307,-0.00364595975111938,0.00298979456652331,8.63999813203302e-05,-0.00542770673608356
"DXC",-0.000207985839872193,0.000617075768034205,0.000182593164098688,0.00432877217659441,0.00163936336473813,0.00212113928578583,0.00180839170885487,-0.000335460208968276,-0.00351452329703474
"EA",0.00234507963254054,0.0034648574974923,-0.00134581975230671,0.00168231368194116,-5.08739759642499e-05,0.00251729945198242,0.000142735299864008,0.0023706719140142,-0.00469228920558175
"EBAY",0.000152941174436318,0.00170160122480806,-0.000952962913694573,-0.000323256484565092,0.00170593987142557,0.000864616593087571,0.000916232868565477,-0.00041069842172913,-0.00211708219735771
"ECL",-0.000551964418210266,0.000811913681865997,-0.000677597655084835,0.00112377575863895,-4.46192426025762e-05,0.000930951517516532,0.000249561044659836,0.000268499395245025,0.000297126549502607
"ED",0.00170139318443993,-0.000903108438884332,0.000835384212705151,0.00154892462827645,-0.00036441710171461,0.000962987327665582,0.000372939940215337,-0.000201694880496318,-6.03597113330845e-05
"EFX",0.000971519939651889,0.00137523359738017,0.000230176498038639,0.00207262856484345,-0.000742603599569035,0.00120642934120312,-0.0011331270638076,0.000224985909174564,-0.00230451120661989
"EIX",0.00158671741629304,-0.00111353818946996,0.00028412742876271,0.00231816156774436,-0.000417670953990959,0.000744034431762752,-0.00141617220950116,0.000357223288228778,-0.000795246736479537
"EL",-0.000138320875851088,0.00144748791332871,-0.000461125658982498,0.000885175557192214,-0.00126293572677884,0.00156598756485471,0.00263979800329299,0.000787907704561554,-0.000758507734285176
"EMN",-0.00166098526328924,0.000994558685374211,-0.00155812378752615,0.000739985061815882,0.000890238795488652,0.000835862691426007,0.0010674410460244,0.000327797695800455,-0.00239863406183641
"EMR",-0.000736896942950225,-0.000998511175526439,-0.00145215261579437,0.00185018074912228,0.00042208670070408,0.000584151354498558,0.00157970103422556,-0.000126052198737813,-0.00111477580276106
"EOG",-0.00199941457565647,-0.00080912482153405,-0.00154170347307546,0.0019788987561517,0.00173695597817531,-0.0012039549786937,0.00176355946547361,0.000823994848883923,-0.00270248654142301
"EQIX",0.000489475638677414,0.00147659868742603,0.001416057090216,0.00191743774431686,-0.000273611562935071,0.00109728135136968,0.000476240818426606,-0.000270969055190444,-0.00144611629594321
"EQR",0.00170620310740363,-0.000225415870578933,0.000528361835823278,0.000193503605527725,-0.000163127810736374,0.000187926507087053,1.33471405474089e-05,0.000238004601297995,0.000395556225440241
"ES",0.00178025470935581,-0.00103048549241237,0.000753564000605583,0.00123733128676861,-0.000240402868548217,0.000902089972355166,0.000477291002199598,-0.000218761290381469,0.000800194705734901
"ESS",0.00158317050480723,-7.50062360946772e-06,0.000419554726417622,0.000135619402357958,0.000171038045333787,0.000945098354038923,-0.000230186323890778,4.44564450392339e-05,0.000395030841419934
"ETFC",0.000336930284794333,0.00236825982061664,-0.00138119340648385,-0.000776817002390714,0.00321163641540506,0.000478753799118093,0.00218718677357576,0.00149020946876886,-0.00268456611391172
"ETN",-0.00142124881463034,0.000166459650064673,-0.00227176004515584,0.00225124356345759,0.000643133176563561,0.0015091306043869,0.000250455515914342,-0.000469748598752429,-0.000675957299112271
"ETR",0.00146774400042789,-0.00146966533787464,-0.000267912013692905,0.0014930596568154,-0.000632996117755608,0.000706252506692253,0.000837749199519897,0.000279688578927966,0.000575018750974875
"EVRG",0.00124596330317472,-0.00114444922851643,0.00132559916380001,0.00255441657401728,-7.70716110637393e-05,-6.17322707871783e-05,0.000424867855124538,0.000827954612044437,0.000127688867165459
"EW",0.00335014531756628,0.0014780739254504,-0.000235112005707314,0.00249092163617052,-0.000730247011536198,0.00151344463680223,-0.000205960212235781,0.00192041381581841,0.000267593580804082
"EXC",0.00147148500857915,-0.00071171860338413,-0.00139911598247841,0.00233124496055176,0.000160952424001242,0.000225195073405209,0.000852206772042891,0.0010231302340975,0.000484853854991022
"EXPD",-0.000301915029951412,0.000293848730794307,-0.000378423556259457,0.00123432083355549,0.000552595512972114,0.000634997835127327,0.00110692168960512,0.00103346006092187,-0.000640551281399332
"EXPE",0.000290881727175837,0.00226693610436818,-0.000206261525671201,0.000306874604564081,0.000250067701139846,0.00200570128438403,-0.00143331884266198,-0.000241161566682281,-0.000643979161820544
"EXR",0.00192206773549985,0.000591198778679883,0.00203596958900538,0.000714246180921693,-0.00117107921351382,-1.18642021889048e-05,0.00128025283680983,0.00143937595396932,-0.000651537497504626
"F",-0.00124134011010935,-1.62389812075345e-05,-0.0012783541846929,0.000886634808011888,-0.000236911686087455,-0.000721488768947678,0.00116325515583152,-0.0010583557673175,-0.0025188290197382
"FANG",-0.00237071536729687,0.00043244270296815,-0.000696129996935403,0.00293793729005461,0.000965826875716841,-0.00132238591838961,0.00311749235466218,-4.45590711411197e-05,-0.00280629531786397
"FAST",0.000165497956155327,-0.000550943528560766,-0.000571433771258814,0.0013049550747268,0.000606595166685042,-0.000300193994997073,0.00191013189926491,-0.000960794037936186,0.000832511320654516
"FB",0.000431944381945385,0.00177157120702826,-0.000207731150199918,0.00148234784974162,0.000366297982060463,0.00155383941099416,0.00150300707805204,0.000555299487234111,-0.00300356495425017
"FBHS",0.00119093805584738,5.88784356944811e-05,0.000507988891902122,0.00201319637554022,-0.000809965090969684,0.00167326101904084,0.000416285932706647,-0.00216462539276196,-0.00278072771197119
"FCX",-0.0054570580846653,-0.00146039344235764,-0.0112879745977334,0.00836247214300796,0.00116237027271167,-0.00169312701561079,0.00358981661024633,-0.00111610787459195,-0.00391988674760041
"FDX",0.00121035604333211,-0.000390616942485791,-0.00214540756203151,0.00148097456817941,0.00143499535939756,0.00117652708884527,0.00146168291405048,-0.00113116968653073,-0.00287141869928308
"FE",0.00218620571634667,-0.0012558575225942,-0.00043170001379059,0.00102663325778523,-0.00103947144257744,-0.000273054864370266,0.00047275208779801,0.00162556360747711,0.000342094822927564
"FFIV",0.00106312075347188,-0.000663411298909076,-0.00172792111549612,0.00176963556095084,0.0016440344021151,-0.000981604459451187,0.000382487072469464,0.00195897301287034,-0.000684051120011172
"FIS",0.00097722079059053,0.000165756474149837,-0.00061275721332747,0.00196088522762981,0.000256062553071803,0.000911820836192163,0.000673368607691842,0.000998845345319551,-0.00040582782577415
"FISV",0.00128262189467885,0.00149418630525039,-0.000121741888681088,0.00175598847051596,-2.63905858059448e-05,0.00102625764086874,0.00055093649437641,0.000933825331286373,-0.000161084260032884
"FITB",-0.000913885556380404,0.00136137813844351,-0.00156242815634505,2.08711114656898e-05,0.00337192181224048,5.15584123968048e-06,0.00128717766188273,-0.00032983402559291,-0.00160160709045247
"FL",0.000647944073047251,0.00242157150102704,-0.000972633128415164,-0.000433743743009052,0.0016262833030769,-0.00275047396193414,3.97054424243922e-05,0.00106740428524274,0.000125902192539416
"FLIR",-0.000991927266194672,6.85958764977106e-05,0.000356732935971573,0.000137881984542427,0.000838854088948431,-0.000145115772716483,0.00236738269425954,0.000833510778818533,-0.00150006004416626
"FLS",-0.00207232680757188,-0.00101439467205972,-0.0022008147092028,0.00183947934176225,0.000238667577807303,-0.000307394512440597,-0.000698818209782614,-0.000572044754906103,-0.000484926271728229
"FLT",0.000414813732200855,0.00094214252133918,-0.002271227139847,0.00147540856224947,-8.97089555448997e-05,-0.00015195714234818,0.00241934230295762,0.000681857734299242,-0.00125812964765644
"FMC",-0.00130555846226895,-0.00117548794266308,-0.00289597020560609,0.00229600676260667,0.00160790041088822,0.00207524675887994,0.00202368396659073,-0.000797224344870123,-0.00154072848000696
"FOX",0.000359975602781602,0.000138756365421062,-0.0019873733622713,0.000435505879222901,0.000278573319759538,-0.000297916141128285,0.00213118337781659,0.00245239360082786,-3.67094045798842e-05
"FOXA",0.000566836393874136,4.36581302889411e-06,-0.00213475621013343,0.000409511208554157,0.000537254772124751,-0.000393844167450055,0.00213970610024191,0.00239514648964595,-7.3442396500745e-05
"FRC",0.00045447803024004,0.00230538463010254,-0.000341589777929907,0.000952367769429127,0.00211976147704106,0.00237627506797113,-0.00130339254833842,0.000872445074388607,-0.00086827488002998
"FRT",0.0012996492453108,-0.000318220875030829,0.000711404891035352,0.00119934474649291,-0.00104766256008451,-0.000859064157534726,0.000661819435081496,-0.000106596323703254,-0.00024441610229072
"FTI",-0.00369711890860667,-0.00013461273531863,-0.00311151871666641,0.000795336243365143,0.00237633967163837,-0.00237337063005339,0.0013928985503731,-0.000377123624039278,-0.00363779013583046
"FTNT",0.0020495945720016,0.00251699561254022,-0.00326106889550011,0.00112768423368095,-0.000711450840263462,0.00166500819239972,0.00127374529115711,0.00303739106390548,0.000820197926015205
"GD",0.0012282991837907,0.000714283911585592,-0.00104661432542387,0.000831967402177834,0.00186390984943212,0.00118342694785322,5.94295313047037e-05,-0.000671575423298659,-0.00154843829642682
"GE",-0.000618096585384393,0.00121389246119544,0.000456032304129553,0.00097077805041957,-4.09903146853357e-05,-0.00128919968256351,-0.00274055901169399,-0.0025146347772978,-0.00460095014024382
"GILD",0.00088345406513807,0.00108248741945316,-0.00192275662701333,-0.000533970156210132,-0.00100959010104056,-0.000606643973310568,0.000712934833182069,-0.000170864372590484,-0.00102425969523027
"GIS",0.000207700150205444,0.000493066071938925,-2.96447761020086e-05,0.00224739293456415,-0.00108585419146665,-0.000840897496070672,0.000850336052006639,-0.00239075876760212,-0.000764413504377578
"GLW",0.000433477744568482,-0.00147440417090428,-0.000725611336518514,0.00169968687272647,0.00117339523632699,0.0018059285021098,0.000816445410103416,-0.00150143563669355,0.000773698866294711
"GM",-0.000710886758705537,-0.00067086108393076,0.000181933816919972,0.000159729622534246,0.00149138517662855,-7.16682271624283e-05,0.00183494070774789,-0.000750065949493003,-0.000955295346407086
"GOOG",-0.00129730244306777,0.00230701046292343,0.000447762817485432,4.24286579840694e-06,0.000904275260442219,0.00104798400185008,0.00124484998386595,0.000301607971888988,-0.000500203182333106
"GOOGL",-0.00138398535991699,0.0025503568362331,0.000307761705980232,-4.70925766943352e-05,0.00096097515912136,0.00103805554164571,0.00112042646347937,0.000336822927908206,-0.000523402056181662
"GPC",0.00115147918599136,-0.000478695829279994,-0.0010008073159964,0.00251684745127672,-0.000616080287864565,-0.000693330799841273,0.00121255530005046,-0.000425975254899478,0.000533317284913236
"GPN",0.00139872041085574,0.00163203466162391,0.000357315122457946,0.00217865513609332,-0.00010322135817902,0.000882210184771257,0.00111896712158129,0.000660994461025844,-0.000650436809915019
"GPS",0.000198499067828232,-0.0004827450662031,-0.00404087944503922,3.9825525912884e-05,0.000238577745587128,-0.000255906416676044,0.00375427514888072,-0.000188788465783209,-0.00173317445728077
"GRMN",-0.000508992986142706,-0.00148044995762121,-0.00196561340101445,0.00257852783197898,0.00091452159464571,0.000659264758540992,0.00177260732101893,0.000293415673214235,0.000418303854463956
"GS",6.99183882940107e-05,0.00158566697268726,-0.00229856412253815,-0.000412030286274897,0.00364605946905555,-0.000558816440455817,0.000985815855199326,-0.00108735187354404,-0.00239082535861431
"GWW",8.08722592227373e-05,-0.000238559143748094,-0.00183480449704786,0.0017588555509297,0.000129047053359577,-0.00192957860801238,0.00234222534100773,0.00219497771584748,-0.000388474350464459
"HAL",-0.00512800893380852,9.8242828963005e-05,-0.00228538728365962,0.00282006510860602,0.00173611317067856,-0.00231283357631029,0.00150794756390866,-0.00115145084939588,-0.00410181256329406
"HAS",0.000344968562711277,0.00339804566285411,-0.00148366667112697,0.00171651718402234,-0.000221612090383036,0.00254609285398373,-0.00157942947256186,0.000312596791484664,-0.00101635200412428
"HBAN",0.000138185708392124,0.00142850577303623,-0.001331080056868,-0.000757130599854423,0.00316065164336288,0.000315661520543824,0.000702911827287986,0.000163316784029507,-0.00156928165898428
"HBI",0.000768116975034438,0.00196833456018161,-0.00114131867716351,-0.000988942717494817,-0.00140668806508123,0.000368122631386235,-0.000581580075891928,0.000428919557531908,-0.00470536976643695
"HCA",0.000961515777070985,0.00256233947453585,-0.00293339813155227,0.00149611717805355,-0.000185207469783154,0.000705960998424162,0.000109079565567258,0.00154052106362355,0.00138322684835209
"HCP",0.00127772774558676,-0.00180115420832774,-8.84343551411693e-05,0.000395151222788215,-0.00040368850863148,0.000300144213260601,-0.00121925023683247,0.000354681836698166,0.000838619239385336
"HD",0.00211912166443252,0.000916044111330555,0.000630708950069678,0.00108781853142996,5.22708787485268e-06,0.0011054172646597,0.00190470041816739,0.000240051858352414,-0.000957145722969864
"HES",-0.00285927111234348,-0.000946343423702077,-0.00345593619417929,0.00285305592346278,0.000309035195194658,-0.00291237171454277,0.00132681933008475,0.00209900957386369,-0.00391930604401849
"HFC",-0.00277351130396561,0.0031246813628955,-0.00205298133107007,-0.00351558716794376,0.00274372673195477,-0.000881437224540196,0.00529342149272662,0.00248213556790065,-0.00236705031120116
"HIG",0.000954940569485017,0.00140254751751184,-0.00109685919287133,0.000766946702416544,0.000887646590935256,0.000821360702604692,0.000365770809473676,-0.000542820928666618,-0.00122955251083129
"HII",0.00179663102399178,0.000176684192635075,0.00052005594340565,0.00276502298295232,0.000950305581027535,0.000149979279935226,0.00144084165426154,-0.000505787659548644,-0.00109421709661696
"HLT",0.000110787889762049,0.000743566115493747,-0.00339811449999055,0.00204499720469089,0.00137404313617483,0.000693290056416761,0.00216829948717536,-6.69758347247047e-05,-0.000887332312159246
"HOG",-0.000110528375629026,-0.00106324384003844,-0.00212260236299669,0.00135138542775955,0.00151040228686898,-0.000717014373815539,-0.000257618675102244,-0.0014515642152888,-0.0016293704958272
"HOLX",0.00102543221391841,0.0021043911865912,-0.000538730633174462,5.77480272270517e-05,0.000890679327144086,0.000954113588641675,-0.000243091695263168,-0.000807822916805295,0.00018910402720904
"HON",0.000217454184291423,0.000596859234445642,-0.000654477205065423,0.00158919221787022,9.85231626963215e-05,0.00114732215822766,0.00108739122570416,-0.000446030264505383,-0.000407061375048237
"HP",-0.00479938331387738,-1.4038060150008e-05,-0.00213255688490976,0.00308200913020842,0.00139143910518872,-0.00308865877426869,0.00191783773764227,-0.000298022336306603,-0.00221251502961695
"HPQ",0.000813313016562848,-0.00185846470044484,-0.00204359239627633,0.00200076073048876,0.00085896733852501,0.00147017503708548,0.00156357395427309,0.000582092914858145,-0.000749125412873915
"HRB",0.000284674766764025,-9.85251778883419e-05,3.37181915424198e-05,-0.00245869653694764,0.000293861902838901,0.00243950236535464,-0.0011653317034721,-0.000934328876165695,0.000770741503090059
"HRL",0.000670090565738402,0.000903821394696469,0.00250552102208167,-0.000558389899504166,7.83880464490785e-05,-0.000479022916958012,0.00088184332512508,0.000162657033711173,0.00121951022174358
"HSIC",0.00131409616079658,0.000540462750314113,-0.000185015963800089,0.00176246891444259,-0.00118496136087191,0.00121592336636779,-0.00182633801493254,0.000129619371166179,0.00041745792310461
"HST",0.000383297799448872,-0.000735804129493052,-0.00346205006105867,0.00192899093922363,0.000706815139553185,0.000202008317213051,0.00102946721655394,0.00057479846678025,-0.00168086832157426
"HSY",0.00141977980093678,-0.00142610376061148,-0.000610847262094066,0.00227122808353408,-0.000225370173061686,0.000245689467743644,0.000599082070355079,-0.00149661955784195,0.00121999579453512
"HUM",0.00100408625273841,0.00187724982736835,-0.00100960286309985,-0.000649103231004289,0.00215325539579612,0.00133174155164637,0.000432733132310613,0.00121109928514016,-0.000491462697331025
"IBM",-0.00159426431535487,0.000941386668759364,-0.00211759968840468,0.00151801066757397,0.000759355322631974,-0.000598673483638842,0.000430637411447444,-0.00101027342267441,-0.00152448229684572
"ICE",0.00052613337506438,0.000919843076544404,0.000564914535744456,0.000310343141323596,0.000843993637065057,0.00122148236145496,0.000740204956908243,0.000216801942384637,0.000255769236233476
"IDXX",0.0014455684999433,-0.00189460892795364,0.000497407760999438,0.00269410058302699,0.00183950283947949,0.00245790361125912,2.71375512827227e-05,0.00243744979729928,-0.00132640792619964
"IFF",0.00034098442175918,0.000435991076872039,0.000398790545170733,0.000886737305894794,-0.000911592899211561,0.00114115296044554,0.00143959829397474,-0.00169044363795786,0.0006797967629861
"ILMN",0.000141877732887921,0.00159521122740711,-0.00307213383241888,-0.00185530064359789,-0.000416533424294349,0.00157702822500382,0.00251683708758816,0.00146633835222898,0.00049048169200933
"INCY",0.00339654468812584,0.00333491095822969,-0.00316688184507074,0.000397123023279653,0.00195725163385339,0.000796847479385211,-0.002026191640054,-0.00293384686740215,-0.000747776848547838
"INFO",6.91123901554887e-05,0.000278007482017254,0.000433747371173308,0.00128237465233798,0.000887410950220412,0.00154095979502226,0.000272460105742674,0.00102846737151434,-0.00073385415149887
"INTC",0.000554045433958698,-0.00151847448105265,0.000873772120797578,0.000542961925531282,0.000469566218237432,-0.000507835483855242,0.00251868251459863,0.00109444170146252,-0.000359475846898909
"INTU",0.000471652191496994,0.00165275050084847,-0.00117408955229854,0.00171466567061867,8.4809267875087e-05,0.00104490299260532,0.00155144047659036,0.0019691248797783,-0.000328854508163525
"IP",0.00109145424743187,-0.000925749384915573,-0.00228289286792282,0.00153197708099882,0.00173695226721543,0.000546267138951379,0.000602042297675996,-0.00128894514142017,-0.00194631114344921
"IPG",4.41703476481805e-05,0.000223538203938952,0.000752922140974984,0.000711612889495487,-4.96244887895813e-05,0.000532274047221466,-0.00170671995106885,0.0012260730431234,-0.000579237232364642
"IPGP",0.00123322721865002,0.000838829444644418,9.65124486130851e-05,-0.000308092659781542,0.00126861742989893,0.00348143126449541,0.00351980138252974,-0.000504564261898771,-0.00521832427782434
"IQV",0.00065029915139005,0.00200382822575223,-0.00147144412109197,0.000835111265186688,0.000732854073457711,0.00105136245478,0.000975271006509478,0.000167091002637033,0.001009406762471
"IR",-0.000270821275992293,0.000722510605316821,-0.00228073705188928,0.00201573984073943,0.00100462987487638,0.00184417314835025,-0.000248677728061303,-4.06965565175732e-06,0.00018471835628155
"IRM",0.00362657980815095,-0.0014967068342738,-0.00120005277589159,0.00442524783177212,-0.00111243400180812,0.000846230321471127,0.00135049550818703,0.000140540152195976,-0.000189216755644187
"ISRG",0.00113253071994819,-0.000511606858753557,0.000741675065305846,0.00157729801802892,-0.00048226078461187,0.00312028024014241,0.0015871784528229,0.00210152290534172,-0.000244401367148682
"IT",0.00144555798408101,0.000304606442675005,-0.00032879140359698,0.00117046152467777,-0.000279971102967621,0.00216772546453328,-6.6616462044552e-05,0.000376266211365879,-0.000572421726435853
"ITW",0.00078859220164451,4.90860123440659e-05,-0.000913804674498966,0.00234160591007954,0.00097764531708596,0.00150956097477919,0.00110950142737048,-0.00138744043780998,-0.000772869384945922
"IVZ",-0.000390881894454177,0.00064853054008582,-0.00205135023199713,-0.00096734857559054,0.00151711931280196,0.00136985751545217,0.000150360310063127,-0.00231526500694999,-0.0036009996248141
"JBHT",0.000130192422882682,0.000351969707968423,-0.00191305098234872,0.00217323656043957,0.00113532214495449,-0.000233057344714281,0.00191957442680886,0.000407821649342005,-0.00215332427985619
"JCI",-0.00032890387913289,-0.000577804593218072,-0.00182483546586592,0.00310056628485653,0.000612664770028103,0.000201858154188763,-0.000765984845668062,-0.00133593416012755,-0.000912212681149009
"JEC",-0.00278607960242971,0.000206350117896087,-0.000414360684668744,0.00246572413140702,0.000710559911130391,-0.000233531437279652,0.00169324270647909,-0.000429323310035714,-0.000698601584129159
"JEF",-0.00106292170788721,0.000969779788338415,-0.00380344430993231,0.000693321789718475,0.00239415019382231,0.00118260784619562,9.09814464874779e-05,-0.00136439597559264,-0.00200604294637269
"JKHY",0.000507049755503184,0.000715364870992437,0.00081303080080631,0.0011723703984972,0.000290814461714875,0.00116740996237339,0.000971646555629421,0.00083068268458656,-0.00036953500222662
"JNJ",0.000253453211012526,1.79311974011722e-05,-0.000154315979071555,0.00190116517476645,-0.000337300526831259,0.00116200126842435,0.000639784627781214,-0.00106681668547479,0.000402251607605931
"JNPR",-0.000223493624869657,0.00163331428456573,-0.000160706977669459,-0.00103663139631789,0.0018607329094927,7.30050756318902e-05,-5.2120590030641e-05,-0.000188479678852463,-4.33397299028175e-05
"JPM",-0.000327717023919973,0.0018558487437368,-0.00142271247390781,0.000678077317001286,0.00259837380520033,0.000824336727587384,0.00125101395113232,-0.000259630704696632,-0.000449423279041767
"JWN",0.00110151421476314,0.000385597213858274,-0.00374539059531173,-0.000776210525526714,0.000822450653395307,0.000570476727598654,0.000557721303069761,0.000555314519176685,-0.00078426126113887
"K",0.000448964051782635,-0.000435167812925175,0.00093419987531592,0.00118209874090453,-0.000768315272512249,-0.000539072693393766,0.00034926042642547,0.000236137401861504,-0.00142167147411345
"KEY",-0.000622040633737677,0.00167239685513177,-0.00205105551110365,-0.000322294895441548,0.00387475768802602,0.000491767853417037,0.000481943727166985,-9.33878971197993e-05,-0.00227939953128944
"KIM",0.00154780157860128,-0.00073042803012999,0.000484416534847004,0.00199994316127815,-0.00139921871928676,-0.00242192471905812,0.000248895423035001,-0.000356008108207855,-0.000716199296207814
"KLAC",0.00125469098912452,-0.00214942299432487,0.00191417019178092,0.00102632771979584,0.000514300531030008,0.00148449888134827,0.00104321746902325,-0.000188045697172977,-0.000991366193393787
"KMB",0.00104839836756191,-0.000229539959526445,0.000983063447336311,0.000671711466160114,-0.00105933899102903,0.000931837822890549,-0.000531228307465346,-0.000826701422196553,0.000785654166708903
"KMI",0.000971514731679393,-0.000835103355899127,-0.00811621608310811,0.0028050793842194,0.000873809919627424,-0.000883894843449912,5.53850332166209e-05,-0.000550096558357869,-0.000994629773657791
"KMX",0.00180905606506118,0.000634336968223549,-0.00315576657251674,0.00102367287509691,0.00142900922148466,-0.000154875564144608,0.000339785054420648,0.000629007574135023,-0.00139640271378826
"KO",0.000450646778157992,-0.000232122471317005,0.000224066974786653,0.000818433656536152,-0.000576240523802305,0.00071492928490041,0.000322717639230065,-0.000278308989943137,0.000705512372888651
"KR",0.00237288471962972,0.00128215081316181,5.20696972965093e-05,-0.000271119005977496,-0.000920529089723503,-0.00277468020732574,0.00178390191379578,0.000443013872875613,-0.000249105864425002
"KSS",0.00121050859527124,0.000628727030812751,-0.00168137994192885,-0.00160889342441144,0.000497494617766434,-0.000331532804561319,0.00371670809353812,0.00230386361986175,-0.000707065704928028
"KSU",-0.000374601355938889,-0.000831046814602149,-0.00281262325997659,0.00234421448287728,-0.000631858538537479,0.00204498561792177,0.00024139848784398,5.03557662184136e-05,-0.000714261043210889
"L",-0.000892705391960591,-0.000136644525458004,-0.000688397355568808,0.0010689031344047,0.00104091075575324,0.000180347133143113,0.000574326776158036,-0.000378744552689114,-0.000570762288733813
"LB",0.00296956601189783,0.000364286932876522,0.000894513874542112,-0.00217124347413793,-0.00101669809490751,-0.00229454463911682,0.00246374018067852,-0.00260466552629796,-0.00259014805295185
"LEG",0.00255292219329179,0.00121700844627575,-0.00219267328937381,0.00255128730500891,-0.000538136384670513,0.00090444672298337,-0.000655989750969587,-0.000495384255787405,-0.00158146537396932
"LEN",0.000531174868270933,0.00174734173486391,-0.00178811650062526,0.0014312222688575,-0.000881096882086073,0.00166970843139624,0.00184057429936537,-0.00201738949043297,-0.00229538783283408
"LH",0.000833929852210634,0.000341445359262225,-0.000740620134383233,0.00158699511161712,-0.000419732810089904,0.00118646307006754,0.000596254185346902,0.000868690700230431,-0.00299244469963072
"LIN",-0.000405337298405276,-0.000434890649314389,-0.00131018988291628,0.00123211636976915,4.52441600350084e-05,0.00116871384825298,0.00144457091259856,-1.55993911576675e-07,3.87501467628934e-05
"LKQ",-3.48187057624301e-05,0.00155892870828297,-0.00169412928543246,0.00217588351110185,-0.00042650454399942,7.71973583198704e-05,0.00219411044469528,-0.0022862151927757,-0.00229123499892613
"LLY",0.000899556149556046,0.00166998823250374,-0.000734122019852125,-0.000233348804010437,-0.00025888237831061,0.000718657538714176,0.00038066741321889,0.000148412766683979,0.00234328645894865
"LMT",0.00138346360671085,0.00034339244656772,0.000478553354481165,0.00144286427204451,0.000209161243347338,0.000921535949344159,0.00105517553436629,-0.000621217062800665,-0.00099942984723381
"LNC",-0.000143058843711241,0.00111888335028775,-0.00258490641908515,-0.000288608241845856,0.00404486771473616,0.00050454462949842,0.00082294020845758,-0.00175850192449741,-0.00162319627971446
"LNT",0.00143581000260725,-0.000995436924840914,0.000341939405412995,0.00224721785354235,-0.000199168837482399,0.000642031030398125,0.000557761586864308,0.000415834469833524,-5.340065541168e-05
"LOW",0.00290974461505503,0.000147134065478,0.000412320502232545,0.00144967730404293,-0.00118491877779751,0.000735301980756088,0.00154406497601225,0.000255410864828816,-0.000199080821862815
"LRCX",0.000796182578549904,-8.12301694231317e-05,-0.000825360288196731,0.00155628478713887,0.0016611972961169,0.00253763844969215,0.0020268120343782,-0.000838748440415121,-0.00160432186310467
"LUV",0.00257207547112863,-0.00126278961500216,0.00135579269402888,0.000148990484707266,0.00127412512537303,0.00200348917709926,0.000261547476757769,-0.00180615447959364,-0.000743051625250235
"LYB",-0.00191636650202329,0.00193132135418636,-0.00189004797495451,0.000124643864510384,0.00121385755934259,-0.000115525763287037,0.00249016567563828,-0.00024306941030105,-0.00194256592365823
"M",0.000848238072758389,0.00115542494122049,-0.00494785903820366,-0.000468132294563141,-0.00101241264969239,-0.0021462231246937,0.0017498908141742,0.00343739889518223,-0.00154730401028108
"MA",0.000637951082048734,0.00108711103085221,-0.0006740784961149,-0.000144859541512398,0.00148424037127258,0.0010604110267959,0.00184833998523623,0.00195900664544045,-0.000411149427368725
"MAA",0.0010351771829602,-0.000177267972344809,0.00128112823598291,0.00160736486823947,-0.00068457751718015,0.000542212972327014,4.39791957898349e-05,0.000397661700069212,-0.000207988662140195
"MAC",0.00222467361983697,-0.000784728449636428,0.000616987730686084,0.00128021078356538,-0.00144219862963445,-0.00151175773914949,0.00134746234151651,-0.000831135827690937,-0.00204029649606253
"MAR",0.00112267608186451,0.000189110012778616,-0.0020232680649648,0.00124447599954427,0.00122766917253181,0.00165721201049284,0.0025176726818424,-0.00052871908754156,-0.00115927123179973
"MAS",0.00114293695935927,0.000810732401766441,0.000580483837451467,0.00229253882450103,-0.000188543792169239,0.00148025533524351,0.0010780194074874,-0.00131430179943784,-0.00200062973560807
"MCD",-0.000124286797223327,0.000713699094053628,0.00148623555564614,0.000491565157826397,2.60077112002904e-05,0.00221047754455307,0.000938406883683624,-0.000725802019568156,0.0010359670293403
"MCHP",-0.00027353872951851,-4.94787685565792e-05,-0.000382307179855272,0.00192834430468692,0.00155751306780339,0.00165722719607762,0.00131036225423869,2.11281297102059e-05,-0.00178796217529872
"MCK",0.000956794134676107,0.000720248089525257,-0.00319674501548656,0.00134203311771316,-0.00227448929097077,0.000953520826047125,-0.000364716658463002,-0.00109638286685502,-0.00158667011637777
"MCO",0.000268247731594911,0.00150358999942152,-0.00205614263596353,0.000927229096767992,-9.29771693785984e-05,0.00203746647717374,0.00159424922265178,0.00101991329173437,-0.00155980049603023
"MDLZ",-0.000224282404147529,0.00106074132794554,-0.000177681957788009,0.000913913799374213,-4.93554605041116e-05,-0.000199666635376269,-3.57919073734072e-06,-0.000266708099924438,-8.3631370372765e-05
"MDT",0.00119722545217619,0.000582221861896729,-0.000167434260924576,0.00146269439380194,-0.00151715073748645,0.00149806831721674,-0.000217653043470115,0.000229395327135485,0.00043887093040568
"MET",-0.000860882953729421,0.0014620845374654,-0.00223005924625386,-0.000567554035215733,0.00245698405095844,0.000499335284918175,0.000212745695276355,-0.00119115329099943,-0.000385242239966532
"MGM",-0.00221606480851253,-0.000291880410979566,0.000659556834335511,0.00103210786388332,0.00191857336546653,0.000513619357703232,0.000595344275154098,-0.00139145256200252,-0.00126755769549512
"MHK",0.00201821679505516,0.00110279787890923,-0.00121493263590102,0.00113323207136627,0.000347408371047262,0.00151225153925238,0.00088902710591176,-0.00205198814533502,-0.00493411135838326
"MKC",0.000648601258102952,0.000532310287851196,0.000599814671738185,0.00187077117792781,-0.00102310782355136,0.000563929704744966,0.000618687227645867,0.00105469503408587,0.00161993073943453
"MKTX",0.00244191876779627,0.00277545462819554,0.00018904105571511,0.00304855694321079,0.000344591213381757,0.00174732458309071,0.000272595807683033,-0.000197779102215518,0.000352085978595862
"MLM",-0.00156193712550262,0.00299719384012045,-0.00211768406312733,0.00384068490519114,0.000880223285846342,0.000338143654515738,0.000133159407792574,-0.000168410292543716,-0.00233976845304435
"MMC",0.000687051314234772,0.000340545952593445,-0.000867059281570386,0.00198519769511927,0.000246386121447157,0.00128115418364112,0.000415731374059557,6.79989597082686e-05,-0.000290765475602663
"MMM",0.00101113866003283,-0.000164937579221955,-0.00090299412947836,0.00201344290339251,5.9663504367709e-05,0.00145101116760969,0.00100481256576524,-0.00151944206036682,-0.000163071734941501
"MNST",0.0048566722252665,0.00142051094681748,5.22289563116917e-05,0.00100511475758693,-0.00129952183088184,0.00107005174062726,0.00181192165699951,-0.000777702791631601,-0.00131930228420505
"MO",0.00213430277859341,7.44510605001806e-05,0.000760905206206718,0.00163931739476351,7.40647246721243e-05,0.000845161312477848,-0.000202865650606128,-0.00167004506880123,-0.000933627594101705
"MOS",-0.000174401922480863,-0.000328198282616171,-0.00492839910508708,0.000376752948870696,0.00137580349914273,-0.00234986452910185,0.000917434784026185,0.00030372726466954,0.000363889951194904
"MPC",0.000190085347396918,0.00311343409449603,-0.00240851645568372,-0.00132191736233466,0.00250709851126026,0.000831930628833258,0.00204922614546034,0.000289192687137272,-0.00148397933101619
"MRK",0.00078107229990312,-0.000377467879331973,-0.00109938104697306,0.00125191835295913,0.000210721078516209,0.000384481027831213,-0.00078786275588612,0.000605359020364109,0.00187062006816967
"MRO",-0.00331698979206374,-0.0006521970525507,-0.0080166699828185,0.00404405924668018,0.0011546610287661,-0.00330763403262805,0.00353770880785213,0.00111154620556615,-0.00330995337959039
"MS",0.000415330632745054,0.00123091779402704,-0.0031677261708833,-0.000117878915613811,0.00390455473974696,0.000680370804327343,0.00113295894332063,-0.000798611422461633,-0.00134004643871834
"MSCI",0.00120185306269073,0.0017147271642295,0.000224698110087823,0.00131802904825988,0.00028765677154789,0.00178320002547127,0.00192294494287256,0.00198068643035014,-0.00100490156608264
"MSFT",0.000346258852544809,0.00014931491991322,0.000887341206963683,3.51235535210207e-05,0.00144589858284246,0.000928280298572292,0.00179286518754232,0.00119601653965779,0.000175524535557706
"MSI",-0.000126531751030323,-0.000589966263376671,0.000614288175991307,0.000540961758579901,0.00175724730094116,0.000496757005184704,0.000335720874521728,0.00211561122685301,-0.00019087429307675
"MTB",-0.000418217451389811,0.00130841999398436,-0.00163476068821185,0.000786525781787915,0.00236154042175801,0.000532820351108805,0.000498547233168387,-8.87794639551074e-05,-0.00136773878349764
"MTD",0.000974691810300283,0.00127519922480337,-0.000873480958759524,0.00154983552981169,0.00106366677078845,0.00259437122933505,0.000511925587011022,-0.000763866406898136,-0.000329214820929223
"MU",-0.00121913208488262,-0.00313243580136617,-0.00364827997785622,0.000412249668947948,0.00411590364137016,0.00243115454719639,0.00315846555217727,0.00122148370114994,-0.00397549658665062
"MXIM",-8.80391206079126e-05,-6.36066649171725e-05,0.000386953688719432,0.0012859907001636,0.000550683403791303,0.00106680283942081,0.00136959965892066,0.000791298649402347,-0.00102399995293628
"MYL",0.000549518647423983,0.00174759400804331,-0.00255952240665913,-0.0010599491709088,-0.0012867217579655,-0.000282329023546617,0.00109154580084777,-0.00154750246901559,-0.00224894296696948
"NBL",-0.00393141371083072,-0.00139319796573809,-0.00219412369042441,0.00179197364319565,0.000264243991729153,-0.0025804624161999,0.000967089551829522,0.000621565944560068,-0.00508053757793029
"NCLH",0.00272938508568125,0.00218447543657581,-0.00099634837597808,-0.00133591962712674,-5.44900001305696e-05,0.00168132109304356,0.000199174662006633,-0.00122011875859402,-0.000857558177018858
"NDAQ",0.00101168921802744,0.00103736387039315,0.00067768293966353,0.00125666496535857,0.000211421629658446,0.000526287871149088,0.000771145320435739,0.00131561385725826,-0.00083636610559968
"NEE",0.000884424760400849,-0.000280241382434887,0.000303321553499558,0.00179908883855132,-0.000389375127404832,0.00150078008709771,0.000702782400362606,0.00102849144977271,0.000302138406167393
"NEM",-0.000975736459636778,-0.00103419806268993,-0.000286825668003552,0.00711239360139033,-0.000955551754264288,-0.000773499972776472,0.00126225213516602,-9.33602657821911e-05,-0.000609253046681308
"NFLX",-0.00193331856657572,0.00672856100947378,-0.000298859726968998,-0.00100813333827326,0.00251367687087557,0.00110499177432895,0.0023981719536581,0.00537256654571314,-0.0034308074088917
"NI",0.000997705446672374,-0.000125438484150941,0.00128518136930075,0.00228912292524555,-0.00106216176372767,0.0012334385332832,0.000104613212580133,0.000585159397812774,-0.000266907380033033
"NKE",0.00159258042546318,0.00154920714222496,0.000352559921089344,-0.000193782945925598,-0.000524540929326333,0.000719158333274771,0.000687158127825049,0.00176342305456032,-0.000275453687459606
"NKTR",0.00265596935166707,-0.00140219759925344,0.000469417429418753,0.000745411312567265,-0.00106439308574484,0.00300137223975587,0.00883820457069972,-0.00144669142607789,-0.00289665189145196
"NLSN",-0.000914511258158782,0.000496864516830652,-8.17624390142718e-05,0.00136795366122014,-0.00181315900880099,-0.000855931165139264,-0.000187253633911527,-0.0010116158068355,-0.00199219815448316
"NOC",0.00164177552052276,0.00083737864150874,0.000763746388143642,0.00153772875456484,0.000636973697093952,0.000909769036675035,0.00134277016016161,6.46761480773568e-05,-0.00190405012210837
"NOV",-0.00307809360284735,-0.00230301088545596,-0.00301226656338152,0.000571249976348969,0.00112350625368475,-0.00137583286542509,0.00123843119000312,0.000886598879273389,-0.00416889463824978
"NRG",-0.00141174774203263,-0.000746078158728324,-0.00625267264182338,0.00327108663303821,-0.00130210029314504,0.00153689917285476,0.00476022998708261,0.000678578554098596,0.00191243877313773
"NSC",-0.00016431092781725,-0.00135783836288738,-0.00139900084726006,0.00165676436597273,0.00198809905815093,0.00100149265637936,0.0015294272533852,0.000342271532797693,-8.14792048127629e-05
"NTAP",0.000241493135842218,-0.00163397740740458,-0.00247782347145539,0.000468615276976133,0.00286242857960876,0.000823229922505938,0.00322205229594276,0.00258363502753996,-0.00210276124516354
"NTRS",-0.000398418138833131,0.00186323464270752,-0.00146671721430409,-1.73869152199244e-06,0.00253278683368981,0.000854857341103784,0.000196304429973544,0.000259222195890374,-0.00165320128589628
"NUE",-0.00100655754384107,-0.000132448975141369,-0.00121976407840586,0.00347557659084276,0.000657751996872304,-9.25268142563286e-05,0.00122443824950858,-0.000445852320471364,-0.00129239566137976
"NVDA",0.000874477860492092,8.83529118208799e-05,0.00328123016296011,0.00493448404101428,0.00542359215012705,0.00254572704696577,0.00264530623970462,0.00103341553841063,-0.00463913359157047
"NWL",0.00165995388886201,0.000841215316344738,-0.000753491552296872,0.00220191571777113,-0.000347542062451979,0.00108774879074937,-0.00410663346207338,-0.00147620756281367,-0.00273745598794737
"NWS",-0.00152967838908745,-5.04204071834903e-05,-0.00111389511671448,-0.000473450377948004,-0.000168276459481887,0.000896658134985815,0.00185593538506812,-0.000695331863677744,-0.00241874479443418
"NWSA",-0.00149936495539072,-6.50798042197125e-05,-0.00156953640057999,-0.000499415400338857,-7.34862942386449e-05,0.000907019165419121,0.00190127491109094,-0.000688933906166155,-0.0024245612525593
"O",0.00144178854866934,-0.000745009977899248,0.000954848719817976,0.00261929695510248,-0.00111563554389236,-0.000492090274862558,0.00060712509947776,-8.94275271082217e-05,0.00142823721759229
"OKE",-0.00349360753862475,-0.000422360465891105,-0.00478928816721048,0.00637098960696626,0.00163561630327047,-0.000674931020239866,0.000917800568564515,0.00187452322795853,-0.0019802138519157
"OMC",0.000257846623231509,0.000113281990025854,-0.000431741783409836,0.00150835969272372,0.000223842897155648,-0.000268753173111691,-0.00102876375967058,0.000623637840646198,-0.000182314047775817
"ORCL",0.000668228326586596,-0.000611786436500925,-0.00122224218347681,0.00136273846264609,-0.000537338672923604,0.00192666593305316,-0.000256516389036149,-0.000498982278586375,8.26549180264538e-05
"ORLY",0.00179852230638636,0.00199325375283438,-0.00015444694425416,0.0013387531418267,0.000163345432673002,-0.0038727437441005,0.00310919001709161,0.000514679675715663,0.0017226028157519
"OXY",-0.00167550463604245,-0.000503119880523493,-0.00105261249179592,0.00161231436848996,-0.00051733184235538,-0.00128233765461671,0.00217510224750594,0.000950501465812422,-0.00248191577897609
"PAYX",0.00109614092658833,0.000113137124470145,-2.06289171971366e-05,0.0022533331096921,0.000163527328812716,-0.000366258571809164,0.00148024981454989,2.8135757332104e-05,-0.000245035954942673
"PBCT",-0.000129139499656806,0.00128019082171012,-0.000803792246525141,0.000278330566391659,0.00212880383016373,-0.000463009629511144,0.000570070133777067,-0.000128050807813864,-0.00177128003686956
"PCAR",1.10052159727806e-06,5.47360044761306e-05,-0.00279346289212648,0.00128705364227121,0.00172057461637851,0.000369784801707018,0.000817875293826715,-0.00161626295679896,-4.16841040873921e-05
"PEG",0.00147722260068839,-0.000238032085684367,-0.00035626743376436,0.00134031714323755,-6.58315212038525e-05,-0.000112085504505785,0.00168581491552663,0.000886447319277446,-0.000199881641785684
"PEP",0.000670490884622398,5.24998593814188e-05,5.16180153453726e-05,0.00117004656660822,-0.000203544009652698,0.000998886427876775,0.000356804628475344,-0.000493988704359858,0.000247015771830824
"PFE",0.000761971594073653,0.000603515591783703,-0.00108051333118872,0.00138578784860507,-0.000492043363901303,0.000130462047049799,0.000918785737904457,5.16563554307735e-05,0.00148976661492359
"PFG",-0.000497410400838827,0.000942890988142114,-0.00254375588860766,0.000782908440211368,0.00262567297822529,0.000960068585007222,0.000736607307276063,-0.00230584261270116,-0.00146337037460896
"PG",0.00113282361511879,-0.000711375004928822,-0.00051362375008277,0.0011111461330799,5.68824044912667e-05,0.00042980800301274,0.00044001083668236,-0.00111916795849242,0.00142476985081445
"PGR",0.000721717103566303,0.00160839472764619,-0.000173640389674119,0.00108333865898661,0.000645132867467651,0.00200875801548106,0.00168010430285858,0.00079578372341943,4.37317594397986e-05
"PH",-0.000146298655261166,-0.000461358361404295,-0.00181907358991263,0.00182278075293427,0.00187725420155022,0.00114684878199772,0.0017700645521636,-0.00204799134491442,-0.000384069968224646
"PHM",0.000732517757653438,-0.000215586073325903,-0.00148126721895174,0.00204039204167732,-0.000766141910293439,0.0024588081133101,0.00259081798919361,-0.0012403311748458,-0.000771018396621989
"PKG",0.00162532723568128,-0.00161527790841342,-0.00097462699004345,0.00163718021033375,0.00182067360319445,0.00199156450712,0.0010097081607913,-0.000967804018575313,-0.00243617148476808
"PKI",-0.000737936794468226,0.00159199080652444,-0.000821661216069239,0.000953807451380643,-0.000224446429576054,0.0019532942974635,0.000882875384267145,-0.000396832087564996,0.000461296588368713
"PLD",0.000534879506328437,-0.000698731187765154,0.000336895205909026,0.00203805336173748,0.000754306475303644,0.000720876490227011,0.000997327931838383,0.000365916517477994,-0.000745850037255696
"PM",-3.71497994158796e-05,0.00041345037770181,0.00045195956218905,0.00158634470150705,-0.00074175379506553,0.00220398173204772,-0.000859456292446052,-0.00186575499906875,-0.00128346509990069
"PNC",0.000137940654344039,0.00133716675178567,-0.00110288221844879,-0.000516797546029431,0.00307671248509496,0.000624148770757671,0.00113558828537893,-0.000422948563070394,-0.00112290512670339
"PNR",-0.000841140398198725,-4.22125769500113e-05,-0.00277077524720256,0.00266898186404812,-0.000651674138805453,0.00141062198809833,0.000547826077452985,-0.00113520695931248,-0.000959251409559141
"PNW",0.0020185759001037,-0.00126527933858171,0.000557352098820232,0.00198757723316358,3.81629324356334e-05,0.000872301281347302,2.08153306466046e-05,3.59498887324443e-05,0.000476609738132498
"PPG",0.000849251161559202,-6.43899980688496e-05,-0.00136718459928714,0.00113123774121899,-0.000971267194533199,0.00120252792037642,0.000578175604664421,-0.00102814949627949,9.89946784119688e-06
"PPL",0.000565945929200088,-0.000326116649557897,0.000816377974917612,0.000961780644627134,-0.000434858943744287,0.00102709698463005,-0.0015557302841445,-0.000297103312403049,2.2509238403051e-05
"PRGO",0.000182445223064992,0.00112126007123723,-0.00218614304132077,-0.00358286812957267,-0.000832386157477257,-0.00129297040662934,0.00179371147422474,-0.00167766401514734,-0.00496615223990089
"PRU",-0.000779390947022298,0.00089999442778029,-0.00159053647230504,0.000131672559178595,0.00302026818953117,0.000607062890341711,0.00041291095383018,-0.0015780011961197,-0.00107620304850226
"PSA",0.00135091872919078,-3.3611149965896e-05,0.00191422629493313,0.000336853110274337,-0.000774824677829963,-0.000583457273299978,0.000288532954395932,0.00103776999843774,-0.000886056370358091
"PSX",-0.00225045698254788,0.00227838549520035,-0.00062724792572776,-0.000304603452451089,0.00102417923222354,-2.99835379874973e-06,0.00189314781875997,0.000762018276254275,-0.0020131970428728
"PVH",-2.39650638638449e-05,0.000232184479163912,-0.0039951002656668,0.00288886338242574,-0.000543145285634494,0.00158229179650896,0.00177300962987395,0.000402868460133521,-0.00371264193611092
"PWR",-0.00238039429941768,0.000535171194648965,-0.00359952035931439,0.00257008894414582,0.00256557656228832,-0.000273479919180042,0.00137649855508327,-0.0013986861499608,-0.000928043415885409
"PXD",-0.0035367360317754,-0.00111235090475592,-0.000703327487255938,0.00227445627958829,0.00135411019036518,-0.00126640208802249,0.000870862286981343,0.000363808318991829,-0.00288128395793205
"QCOM",-0.00100591824223668,-0.000858125998011784,-0.00249243274738804,0.00118475261523264,0.00159960694701687,-0.00122222316601899,0.00153869020238747,-0.00115941363860475,0.000376091988668703
"RCL",0.00323063291819686,0.000252086308643635,0.00049641916873551,-0.00183631661366399,0.00126519917655781,0.00213826989363483,0.00108746542606155,-0.00124463589267456,-0.000505858620145342
"RE",0.000347134337099832,0.00103463228624644,-0.000704766557251463,0.000408119046734099,0.00157361254172662,0.00164149011689784,-0.00145143571189451,0.000283497039563221,-0.000280724755958966
"REG",0.00180505112513058,-0.000581296210640646,0.000713889120441544,0.001953252712381,-0.00110083522354304,-0.000722071841246203,0.00108016573531458,-0.000507287754547374,-0.000287449267998143
"REGN",0.00223995184263368,0.00218240105571978,-0.00162384207075709,-0.00199155887474556,-0.000223292750695053,0.00270400564386635,-0.00194012776461374,-0.000705035907579023,0.000198814048080599
"RF",-0.000794749237063088,0.00127061471190402,-0.00154437520139183,0.000319058624982961,0.00407888942365775,0.000253985571047728,0.00144093336213693,0.000235641231719451,-0.00209786176621099
"RHI",0.000871337401662827,-4.14241455714398e-05,-0.00233511982655236,-0.000676761349351379,0.0016188213239314,0.000217260597724641,0.00107341747512904,0.00134601311270015,-0.00111309496138116
"RJF",0.000430076842210074,0.00129249408329552,-0.00179121998492126,0.000204128085939441,0.00296259168065511,0.000851594866889202,0.000743152540242793,2.86003606925997e-05,-0.00149497958452194
"RL",0.000562592154198563,-0.00197237230966723,-0.00202795077868491,-0.000329214047312623,-0.000775592593597532,-0.00141069887180103,0.0028408739028333,0.00166343730347829,-0.00155696264397126
"RMD",0.00164086545180622,-0.000319583451057562,-0.000503445688884358,0.00148829731293397,-0.000156536968127642,0.00164397648808097,0.00103066351027447,0.00153609516756864,0.00069955375490239
"ROK",-0.00119714765615018,0.00137798175501104,-0.00219924218594481,0.00206838894958325,0.00132062975783447,0.00147432797758116,0.00167484793961483,-0.00134029367151706,-0.000850605875597387
"ROL",0.00100743940712907,0.00221681474559932,-0.000922540364133626,0.00118616251696386,0.00110656024741592,0.00175211450036376,0.00111562894688406,0.000981614236506297,0.000148223559914641
"ROP",0.000174084061917652,0.00157206567122793,-0.000265993624329465,1.74706786768454e-05,0.000809041904975678,0.00187928686489266,0.000907105555102552,0.000318389864017771,-0.000250472577077397
"ROST",0.00319707011856524,0.00108460438821141,-6.11239098966471e-05,0.000815519901905595,0.00100486499915772,-0.00119779544524888,0.00316073630260634,0.000404877997598256,-0.000308164361997335
"RSG",0.000773957109609985,0.000158809879811109,0.000749055439820684,0.00150751850802218,0.000799181579893015,0.00110973561453985,0.000401314922283433,0.000142728645263531,0.000447619852149682
"RTN",0.000932422268120748,-0.000383923316563243,0.00168465885520222,0.00120533347903944,0.000641771781621335,0.000991342899444222,0.00109207857818894,0.000214413057910192,-0.00190751258225128
"SBAC",0.000382242273841498,0.000343497062610853,-0.00138365834952701,0.00106625037229769,-0.000690921030157526,0.00228234273640504,0.00154511609072032,0.000146447135358818,-1.14995630891645e-05
"SBUX",0.000210449099319547,0.00260166360952787,0.000285287865094669,-0.000322894615379204,1.60496086674731e-05,4.721028959076e-05,0.00020516928594878,-0.00140391297610698,0.00223157122273402
"SCHW",-0.000159206563146153,0.00216989514973699,-0.00186712427153666,-0.000670539028408775,0.00353893477527743,0.000452539861114616,0.00138136533491418,-5.09310572924551e-05,-0.00157702562648038
"SEE",0.00207299099724547,0.00195128937603764,-0.00206876850093901,0.00118688610505769,-4.86511481180715e-05,-0.000248804391093874,0.000675092896118354,-0.00121229374654652,-0.00168487429405966
"SHW",0.0020209811323416,-0.000157151907248205,-0.00080581808842704,0.00196337419398419,-0.000687992487660963,0.00192432011564419,0.00138599274730537,-8.98292514444066e-05,-0.000321417851793857
"SIVB",-0.000381939810534393,0.00274136312964095,-0.00340486214800957,-0.00020639230817603,0.00468985614908528,0.0003348143561819,0.00221811556848141,0.00160314185240956,-0.0034137636705685
"SJM",-0.000126739017750056,0.000414096028955361,0.000891928771325512,0.00206945738546085,-0.00122766155447843,-0.00074525389785142,0.000728791540445893,-0.00125634020313012,-0.000960425927690876
"SLB",-0.00254197664719751,0.000408817037194108,-0.00201153567233153,0.00164954636954161,0.000762279610095351,-0.00211926101916729,0.000839297030291786,-0.000812338985616748,-0.00462092299767992
"SLG",0.00119296132544619,-0.000800586014921411,-0.000843912778198573,0.000533961360043962,0.000220286322197337,-0.00026644851681078,0.000147072697239928,0.00025803382721917,-0.00186573754080512
"SNA",0.000648899955141733,0.0016918488519904,-6.75748053209484e-05,-2.03484266453135e-05,0.000570357368136297,-0.000813793977720491,0.00112157510368373,-0.000678956244502163,-0.000760859676560807
"SNPS",0.000710721250437428,0.00148084644907535,-0.00184580783486711,0.00230872101264821,0.000714911942994513,0.00158737995211602,0.00137652119457478,-0.000139010749923067,-0.000251707444792775
"SO",0.00129681249680038,-0.00110289835237291,0.000822009565837944,0.001264281315937,-0.000427155552761748,-8.5162031024037e-06,0.000122517784231997,0.000253867491014808,-0.000338082841559908
"SPG",0.00145590230948002,-0.000574762386936566,0.000192714800291684,0.00159379796253195,-0.00123604762061342,-0.00121351160209433,0.000991098470526967,0.000353837310089939,3.33592971129275e-05
"SPGI",0.000774412879531868,0.00119108703834493,-0.00178916668737262,0.00220256481472853,0.000162856918995722,0.00224826599799135,0.00116440663270922,0.00137701054915291,-0.00147021555708962
"SRE",0.000925739996536556,-0.000734918644930203,-0.00087528105303479,0.0018110664551295,-0.000652326006264797,0.000816595564980987,-7.54713127111843e-05,0.000722074164140296,-0.000513169461861976
"STI",1.7514570014577e-05,0.00142215257172321,-0.00119635741505432,0.000887778868097695,0.00221321273766342,0.000434823494892075,0.00118772960269872,0.000236462590107548,-0.00224472316933327
"STT",0.000444204922124354,0.000721427969270266,-0.00267998521096412,-0.000463294544598948,0.00338945264761804,0.000963496894215162,0.000579307229467455,-0.000305671648432538,-0.00305295968149728
"STX",0.000760741952211019,-0.00203663511731875,-0.00327651024975836,-0.00193126963411998,0.00245813576521073,0.000262661074345536,0.00116784878050333,0.00261892503191215,-0.00296209466505599
"STZ",0.00201235563617671,0.000499703963983671,0.00167104612507315,0.00115723233883056,-0.000696499511277016,0.002084989148303,0.00134404903964272,-0.000316792609606832,-0.00219968124938502
"SWK",0.000589523023349721,0.00134487405550081,-0.000844313806251643,0.00147439499940773,0.000170776015823131,0.00175030264218048,0.00126984766577276,-0.00194965544832915,-0.00076483704311516
"SWKS",0.00266297478470911,0.00251494265523139,-0.0040659310455427,8.15348194492022e-05,0.0011158551809793,0.00227255144944796,3.95281087884467e-05,-0.000254025810743625,-0.00277526088496058
"SYK",0.0010540169983104,0.000615100948048669,-0.00072442566896323,0.00251061043593561,-0.000285502493409496,0.00142400292474558,0.00104058677208531,0.000602006740809862,-0.000702291696687146
"SYMC",0.000814674476694137,-0.000627451558517902,-0.001028107620227,0.00200185934683109,0.00145340266425098,0.00109688371911422,1.78944812630464e-05,-0.00258545822566265,-0.000872617345623825
"SYY",0.000758245067661971,-0.000554262047779552,0.000929114817802943,0.00217334579402629,0.000752482378621828,-0.000852366774119122,0.00176999330888897,0.000947727159657505,-0.000695452407529789
"T",-0.000264446686767302,0.000469728522236859,-4.56786178081847e-05,0.00195124464639619,-1.91883671006865e-05,-0.000592683405390337,0.000280485569831588,-0.00112210250960485,-0.000886147388145212
"TAP",0.000353759131109526,-0.000304883530639843,0.0017096822674788,0.00136959141012691,-6.33350397436433e-05,-0.00099609366927139,-0.000325116928758947,-0.00146985923830134,-0.00144976216951834
"TDG",0.0013966587237943,0.0011025528571773,-0.000471482178726412,0.00138669943118602,0.000306945668861817,0.000350141806451793,0.000662314605628331,0.00185127806597281,-0.00021913752032729
"TEL",0.000169316743713168,8.55401554326815e-05,-0.000629307496731057,0.000208039341845778,0.00124661309051515,0.00138167906993614,0.00169416999240721,-0.000495156475908038,-0.00139426049437219
"TFX",0.000334316882718044,0.00175110008428778,-0.000446803542367989,0.00289024366463658,-0.000729253182704315,0.00202835001657335,0.00171401150514949,0.00044521979667587,-0.00045741370685168
"TGT",0.00184460525157127,0.00123252703091848,-0.00119508201452316,0.000374383566811193,-9.92637262471484e-05,-0.00254467518842609,0.00254578728453106,0.00127713858832651,-0.00121240492166401
"TIF",-0.000883089968020737,0.000330454274971502,-0.00270613600732092,-0.000507845170387223,0.0017711305660677,0.00169645847698589,0.00137573877896474,0.00174230265620013,-0.00407251514100637
"TJX",0.00190840525850765,0.00034751377382134,-0.00011979838911382,0.00119936883712797,-0.000209773230863714,-0.000573491130240705,0.000822653971893611,0.00193855788955339,-0.000609284267287607
"TMK",-0.000372697097722108,0.00133539422654929,-0.000941893509463824,0.00111490806531019,0.00151607915332478,0.000444629850211431,0.00123557152915692,-0.000813280297204536,-0.000844082657451142
"TMO",0.000103596585970181,0.000668622775712031,-0.000125540588063207,0.000959685800772686,-0.000363634692503929,0.00150775225651194,0.000832549764894553,0.000277716605621686,0.000640731346304482
"TPR",0.000506645193527217,-0.000858576537667432,0.000221008084669111,0.00242788929909076,-0.00131619601530729,0.00262659797098979,-0.0002704996545528,0.000322462271082959,-0.00245538139467413
"TRIP",-0.00369135297421196,0.00230777811184994,-0.00188652553615643,-0.000435326569619201,-0.00255791617770648,-0.00265415501531092,-0.000278798620101503,0.00385572677957223,-0.000398475649143618
"TROW",1.28631278822457e-05,0.000109062822806141,-0.00151831183230046,0.00103885309521608,0.000244800637809674,0.000487166022162388,0.00257679021142204,0.000916735319969483,-0.00181155805903572
"TRV",0.00130262749770496,-0.000133033804728998,0.000363525134642616,0.000905440264158994,0.000104087546016834,0.0007414691277538,0.000511271597085306,-0.000548124724375209,-0.000208229565983316
"TSCO",0.00187232120165798,0.00182384693104351,-0.00104415041220141,0.00100099254773397,-0.0017361709807185,-0.00307576664574882,0.00339994264085232,-0.000131873060601958,0.00077974896086565
"TSN",0.000249585448988688,0.000548063071898256,0.00179804878677655,0.00215054785374566,-0.000605858723158934,-0.000258861918941537,0.00248188421136367,-0.00146731393328217,-0.00189448246145603
"TSS",0.000511408032170159,0.00206948196278665,7.39599116697687e-05,0.00141507226105915,-0.000228513535779279,0.000786455157390971,0.00239504423429201,0.000659606459614678,-0.00040241277543538
"TTWO",0.00196091952914846,0.000563055725007721,0.000292892863876115,0.00179437005976895,0.00152574170049161,0.0031518183302044,0.00345215091722143,0.000406780503689907,-0.000992669243496367
"TWTR",-9.53175744674925e-05,-0.000418515453908109,-0.00529084373280329,-0.000576308064237487,-0.000425389220664485,0.000236140090731638,0.00245385286062313,0.00511041357463062,-0.00353041914839838
"TXN",0.000925047221567079,-0.000596452617435694,6.44977467155434e-05,0.00205517196028427,0.00124131524731822,0.000537959555066554,0.0026983876583862,0.000238767125764588,-0.0010988121398384
"TXT",0.000945930904953715,0.000240818406633259,-0.00114457148512462,6.93877026951052e-05,0.00212189564928592,-0.000237791065448541,0.0014050036683338,0.00113474681652042,-0.0029842499817509
"UAA",0.000590809386278887,0.0023132389705145,-0.00173345861653972,0.00117100183204704,-0.00254962705990979,-0.00314122312915083,-0.00219802673816646,0.00281973677118091,-0.00204114404685564
"UAL",0.00290421361438032,-0.00165765899730935,-0.00114818188540898,-0.000985810787053,0.00351422607110967,0.000823163922879239,-0.00108413757991574,0.000192560041904433,0.00138299411997557
"UDR",0.00132503351979647,0.000265178968718776,0.000756130985021746,0.000519346442050277,-7.81680432811586e-05,0.000594089793317818,0.000174516509045775,6.87559994580004e-05,0.000565913335084335
"UHS",0.000858071943001443,0.00224211405700585,-0.00213101119407074,0.00173953877501465,-0.0018403863704034,0.00073888369284593,-0.000563170246913774,-0.000117656938004084,0.000355164009280316
"ULTA",0.0027757576514101,0.00219361775367986,0.000522615168935589,0.0028645081804065,0.0003138457886942,0.000485432906563805,-0.000750359109989239,-0.000420374731034207,0.000142831904588799
"UNH",0.00175304513557037,0.00134508235940141,-0.000871972288876765,0.00201001477734335,0.00127470451602456,0.00126438168514114,0.00150926225366522,0.000849702041709119,2.89279444319574e-05
"UNM",-0.000715048905248613,0.0012433926911958,-0.00165887748155598,0.000590436874894915,0.00281813664405442,0.000622301408003109,0.00128058119884471,-0.00313160712870342,-0.00198508067465349
"UNP",0.000784195783313248,-0.0011844844056498,-0.00221933420466034,0.00168533020852021,0.00101510929545388,0.000544365451238783,0.00196166124786679,0.000508171633583815,-0.0001741452812396
"UPS",0.000558497768564429,-0.000943013598866587,-0.000488580492940757,0.00166945703798258,0.000478516155126547,-0.00019041445318097,0.00123541505639957,-0.0013611144696259,-0.000613847575534967
"URI",-0.00255981899963584,-0.000312439825854773,-0.00256931749649407,0.00145753765144709,0.00356611673448967,0.000471372308908344,0.00352614556190129,-0.00140232813301096,-0.00290820203782315
"USB",-9.06316936872206e-05,0.000952534875175219,-0.00121349620754916,0.000181335877435818,0.00196867265698229,0.000303548890446671,0.000432787533544797,-0.00060736708671369,-0.000691387771988617
"UTX",0.000552553451822736,-0.000392465515495605,-0.00166793736396606,0.00138773361217028,0.000696962351739682,0.000857810936861712,0.000546313629793984,-0.000254232247504659,-0.00129621287886424
"V",0.00127931210481509,0.000869853535799453,7.25185000350352e-05,0.00034413580215347,0.000508817633785254,0.00114880615284764,0.00161889246180947,0.00110282958478238,-4.80824740533222e-06
"VAR",6.50686026264033e-06,7.76149322378443e-05,-0.00124014497346215,0.000987682254155118,0.000271186262888743,0.00223600389770073,0.000626079349946261,0.00030288395026567,-0.000133206137469085
"VFC",0.00145464287322882,0.000139940087751369,-0.00196619951371523,0.00126897500828521,-0.00146122092529556,0.000682797414471379,0.00232848508073596,0.00069465819868691,-0.0010766182222592
"VIAB",-0.00180783887775244,-0.000621963637208073,-0.0029967862284194,0.000722836516505975,-0.00139558521382243,-0.00107905472713306,-0.000917409402653864,7.73837840088944e-05,-0.000814726087645952
"VLO",-0.000423832844422393,0.00316990344685111,-8.17623199518353e-05,-0.00252126794473029,0.00260605402273253,0.000386533399583811,0.00271245264374005,0.00138673413485235,-0.00300941294931697
"VNO",0.0013639054916881,-0.00113448260876411,-0.00022537665975472,0.000814476625521307,0.000578687523180405,-0.000866289679953377,0.000288690753641443,-9.34594126920782e-06,-0.00130745100141841
"VRSK",1.29358348605482e-05,0.00142234172878316,-0.000402643339090594,0.00122573326661769,-0.000203000873080543,0.000187260138659404,0.00110082951777247,0.000964825775522371,2.48656422518817e-05
"VRSN",0.00124919305678503,0.00118137184692382,0.00121470536445434,0.000977344697222738,-0.000402725949132312,0.00115509017286238,0.00123336608566023,0.00186550503689363,0.000468219825623491
"VRTX",0.00182642669433247,0.000587710343800735,-0.00264781918687126,-0.00100958989896874,-0.000978368135139973,0.00365379627170665,0.00135587787146998,0.000834197649961792,-0.000311755027257114
"VTR",0.0017288430155548,-0.00148427005918379,-0.00219834998268705,0.0025904157612903,-0.000865558359436666,0.000686302654448213,-0.000675418177779025,-9.68264114386656e-06,0.000305539930385792
"VZ",-0.000294089889933015,8.55881371614724e-05,-0.000492340208031233,0.00197440152862433,-0.000150815383598996,-0.00134730440713223,0.00167124984054227,-0.000150393832838526,0.000884970893387849
"WAB",0.000182201582276364,0.00103923218864084,-0.00350902234588899,0.0010497376565941,0.00126027294475852,0.000659022758660828,-0.000736912430716976,0.00143234070367853,-0.00299637081954292
"WAT",0.000646276309390217,0.00111639846937639,-0.000459160295393472,0.00112848654041969,-0.000428017263206708,0.00225485844733735,0.000747834076287848,-0.000243028049967233,-0.000336179874700602
"WBA",0.000426901887425506,0.00192334596066595,-0.00139201860015535,9.00014280032092e-05,0.000258221254223665,-0.000440148608948584,-8.86581070456319e-05,-0.00118792343983904,0.00101656481905208
"WCG",-4.5797393937886e-05,0.000901502577419686,-0.00116980151208909,0.00299816597334061,0.00233072390133005,0.00214371593664839,0.000955287074540718,0.00145000841866323,-0.00059952382345178
"WDC",0.000596950618363567,-0.00224638824369801,-0.00346311465312205,0.000216892879266153,0.00259217166109241,0.00163050774238661,-0.000528145372581793,-0.00032228149527709,-0.00582193871162631
"WEC",0.00180901940609544,-0.00102362434001213,0.000882811019510087,0.00180042942048466,-0.00044612832734185,0.000540698862658599,0.000735983119308734,0.000126243161337808,0.000595036419059028
"WELL",0.00236098124058976,-0.00155128777120782,0.00011143473982973,0.00133723541205786,-0.000650359371380443,0.000721357008372549,-0.000797598221353312,0.000166818428180203,0.00100973237809586
"WFC",0.000159202595378651,0.000979732511583493,-0.0011491007317274,-0.00029948501667081,0.00117652859601742,0.000330967062740746,0.000944789157325945,-0.000715007118672141,-0.00144932586511984
"WHR",0.00268274423151391,-0.00121835348776953,-0.001757897211098,0.00217646626860026,0.000647517392451155,0.000546156087066841,-0.000971609565190619,-0.0010144725803858,-0.00235970995302458
"WLTW",0.000247008642650268,0.000716030534913039,-0.000722870768779574,0.000829770581720398,3.46210989841111e-05,0.00126713079930795,0.000250119348890751,0.000111430927783406,-6.38270843280103e-06
"WM",0.00147149761899769,-0.000552498006615137,0.000722966315479077,0.00215622777599177,0.000417149531116268,0.000566547997974298,0.00143807767920134,-0.000507562056449073,0.000692498098505713
"WMB",-0.0025378258009829,0.00273780081300373,-0.0111853768319893,0.00156845684299078,0.00327435278151473,-0.000227545046556016,0.000573199321661515,-0.00140315265969545,-0.00166207936705199
"WMT",0.00107091947665485,-0.00124412209014617,-0.00122633278890234,0.0014381915792302,-0.000458655966845256,0.000854672743717397,0.00258192217164569,-0.00128063755499691,0.000799941719474834
"WU",-7.01021478326568e-05,0.00109816687148836,-0.00104900622400277,0.00124213717305903,0.00110608401011915,-0.00138854754261333,0.0003079479985137,0.000554045289436071,-0.001183316505271
"WY",0.00120664789840583,-0.00118284575887206,-0.000898308552134421,0.00155231518043293,-9.85167625090739e-05,0.000416025609898872,0.000963416005823466,0.000365240948967798,-0.00401089249345091
"WYNN",-0.00263309156414819,-0.00257869747217692,-0.00514934980616124,0.00503718592958819,-0.000259252641858346,0.00294847527357301,0.0015691380966141,-0.000417582799073492,-0.00353957077976882
"XEC",-0.00327985293906251,0.000416442662784063,-0.00190923101768731,0.00268803132856235,0.00120705097967993,-0.0033738323380355,0.00256232471857842,-0.00222157777597608,-0.00378713665174284
"XEL",0.00144938291270995,-0.000656964308721201,0.000767453642356637,0.00169499110827623,-0.000359305688841403,0.00114111290531436,0.000458488880365622,-1.0693392863095e-05,0.000637368297627966
"XLNX",0.000102512161888581,0.00042589637204558,4.76395339581545e-05,0.000996076746521852,0.00186312109322683,0.000905823747639718,0.000329692153718799,-0.00049455124568229,0.00223297788696828
"XOM",-0.000979500271863565,-0.000661140395825082,-0.000485187949138372,0.00154559540353209,-0.000427747187434453,-0.000508818588715754,0.000790955297722035,-0.000323496779827662,-0.00136007714824206
"XRAY",0.000680369581183048,0.000378290025650958,0.000477320104298146,0.00101471745009045,-0.000622181042810027,0.000826216870461525,0.000365725068505394,-0.00337967306208617,-0.00144602070106277
"XRX",0.00058062121317129,-0.00168175586561981,-0.00125806403283893,0.000412660833731131,0.000902679654862936,0.000395609328186626,0.000255033411288689,-0.00150851526427486,-0.00154083872105134
"XYL",-0.000590932502912894,0.00038666150307535,-0.00049562977525551,0.00282015921539206,0.000461493742982182,0.000921495888120631,0.00193573816337223,-0.000164157808751718,-0.000167596146115386
"YUM",-0.000119212378939743,0.00181219364694316,-0.00183614811106298,0.00179214275010418,0.000434381463203637,0.0011149316209695,0.000902235355824183,-0.000358083708853362,0.00139280358368331
"ZION",-0.00126983888312918,0.00181319069941395,-0.00231955055018399,0.000706266432004066,0.00428830126494821,0.000314996898045666,0.00107205359077747,0.00039570725739171,-0.00200240105340263
"ZTS",0.00245210363184553,0.000763543764690291,-0.000982278378126962,0.000790565665153894,0.00083596722694023,0.0012435358554019,0.00117807105806133,0.00137705833287391,-0.000127596084408242
